nr,word1,word2,similarity,relatedness,euclidean_metric,cosine_metric
1,stary,nowy,0.43,7.29,0.5278764367103577,7.6374393701553345
2,bystry,inteligentny,8.86,9.71,0.30740106105804443,6.444269418716431
3,ciężki,trudny,4.86,7.29,0.4583336114883423,7.287328392267227
4,szczęśliwy,radosny,8.14,8.86,0.5081049203872681,7.540360689163208
5,łatwy,męczący,0.43,6.43,0.4884016513824463,7.441671937704086
6,szybki,gwałtowny,3.71,7.0,0.44894886016845703,7.238228917121887
7,szczęśliwy,zadowolony,6.29,8.14,0.5245218276977539,7.621106207370758
8,krótki,długi,0.43,7.43,0.9347999095916748,9.201372265815735
9,głupi,tępy,7.57,9.14,0.5048172473907471,7.524028420448303
10,dziwny,niesamowity,4.57,6.14,0.4983288049697876,7.491637170314789
11,szeroki,wąski,0.43,7.43,0.7737792730331421,8.681508600711823
12,zły,okropny,6.57,8.29,0.47784996032714844,7.388022840023041
13,łatwy,uciążliwy,0.14,4.43,0.41587865352630615,7.061702162027359
14,zły,straszny,6.29,8.29,0.40301501750946045,6.991559863090515
15,skomplikowany,prosty,0.14,6.14,0.5077243447303772,7.5384721159935
16,bystry,tępy,0.14,6.43,0.2419964075088501,6.043567210435867
17,obłąkany,zwariowany,7.29,8.29,0.4039468765258789,6.99666902422905
18,szczęśliwy,wściekły,0.14,5.29,0.3415088653564453,6.6447462141513824
19,wielki,olbrzymi,9.14,9.57,0.5158131122589111,7.578440606594086
20,twardy,ciężki,1.86,5.57,0.31003284454345703,6.45994633436203
21,nowy,świeży,6.43,8.57,0.2577477693557739,6.142023354768753
22,ostry,tępy,0.43,7.43,0.34639883041381836,6.673010885715485
23,prędki,gwałtowny,4.29,6.43,0.2691696882247925,6.212641820311546
24,tępy,głupawy,8.29,8.71,0.4672050476074219,7.333336621522903
25,cudowny,wspaniały,9.14,9.86,0.5346248745918274,7.67012745141983
26,dziwaczny,osobliwy,8.29,8.71,0.6108303070068359,8.023442924022675
27,szczęśliwy,zły,0.14,5.57,0.340643048286438,6.639728993177414
28,wąski,rozległy,0.43,6.86,0.49615466594696045,7.48073622584343
29,prosty,łatwy,8.86,9.0,0.5020212531089783,7.5100961327552795
30,stary,świeży,0.14,5.71,0.22725725173950195,5.950315371155739
31,widoczny,oczywisty,7.0,7.29,0.2930166721343994,6.357978284358978
32,niedrogi,tani,8.71,9.43,0.7839210629463196,8.718078136444092
33,miły,wielkoduszny,3.0,5.14,0.3853069543838501,6.893648207187653
34,dziwny,normalny,0.43,7.43,0.3032954931259155,6.419745683670044
35,dziwny,osobliwy,8.71,8.86,0.5687140822410583,7.831766605377197
36,zły,niemoralny,5.86,8.29,0.41672348976135254,7.066280543804169
37,smutny,zabawny,0.43,5.57,0.5402593016624451,7.697244584560394
38,wspaniały,świetny,9.14,9.14,0.7422136664390564,8.564399778842926
39,winny,zawstydzony,0.57,4.43,0.2811952829360962,6.286287754774094
40,piękny,wspaniały,6.43,8.14,0.6253368854522705,8.087411224842072
41,przeświadczony,pewny,7.29,7.86,0.46316659450531006,7.312441319227219
42,głupol,tępy,7.43,8.14,0.45120084285736084,7.25005030632019
43,wielki,duży,8.71,9.0,0.6553226709365845,8.216300904750824
44,miły,okrutny,0.43,5.86,0.30808937549591064,6.4483726024627686
45,niecierpliwy,niespokojny,4.71,6.57,0.4889870882034302,7.44463250041008
46,duży,szeroki,4.86,7.86,0.47044873237609863,7.350060790777206
47,silny,dumny,0.43,2.71,0.2109677791595459,5.845990031957626
48,niepotrzebny,potrzebny,0.43,7.43,0.4635375738143921,7.314364314079285
49,niespokojny,młody,0.43,2.71,0.2884681224822998,6.330476552248001
50,głupi,inteligentny,0.43,7.29,0.4169729948043823,7.067631483078003
51,zły,świetny,0.29,5.57,0.42491447925567627,7.110477685928345
52,trudny,prosty,0.14,6.29,0.36620962619781494,6.786298751831055
53,potrzebny,ważny,6.86,7.43,0.40758466720581055,7.016571760177612
54,zły,niesamowity,0.29,3.86,0.2898588180541992,6.338896006345749
55,szalony,zadowolony,0.29,2.71,0.21100318431854248,5.846217572689056
56,uczciwy,winny,0.43,3.43,0.331282377243042,6.585247963666916
57,łatwy,trudny,0.14,6.86,0.668691098690033,8.27231377363205
58,łatwy,elastyczny,1.57,2.29,0.3493155241012573,6.6898128390312195
59,niewątpliwy,pewny,7.43,8.0,0.4117318391799927,7.039181143045425
60,istotny,potrzebny,7.43,8.29,0.4505099058151245,7.246426641941071
61,inny,normalny,0.43,6.29,0.23196947574615479,5.980246886610985
62,chytry,mądry,2.14,4.57,0.42148613929748535,7.092019319534302
63,istotny,ważny,9.43,9.57,0.7493517398834229,8.591318130493164
64,przykry,okrutny,4.0,5.71,0.43630993366241455,7.171408832073212
65,dziecinny,głupi,4.86,6.71,0.4783933162689209,7.390799671411514
66,unikatowy,rzadki,9.0,9.0,0.47931456565856934,7.395502924919128
67,przyjacielski,hojny,1.0,5.0,0.34365761280059814,6.6571807861328125
68,delikatny,nieczuły,0.43,4.57,0.39237236976623535,6.9329023361206055
69,długi,wąski,0.29,5.57,0.5178467631340027,7.588437497615814
70,duży,ciężki,0.71,5.43,0.3592550754547119,6.746752560138702
71,szorstki,chłodny,3.86,5.71,0.39159202575683594,6.928579211235046
72,dziwaczny,dziwny,9.29,9.29,0.6458610892295837,8.176117241382599
73,nielegalny,niemoralny,0.71,4.0,0.4039872884750366,6.99689120054245
74,zły,winny,2.0,4.29,0.314622163772583,6.487198024988174
75,nowoczesny,starożytny,0.14,6.43,0.3178281784057617,6.5061743557453156
76,nowy,starożytny,0.14,6.0,0.24265015125274658,6.047678962349892
77,nudny,zabawny,0.14,5.86,0.5368819236755371,7.681009471416473
78,szczęśliwy,młody,0.0,3.43,0.2745548486709595,6.245711073279381
79,łatwy,duży,0.29,0.29,0.3036830425262451,6.422064900398254
80,wspaniały,okropny,0.29,5.86,0.40275323390960693,6.9901242852211
81,malutki,ogromny,0.14,6.71,0.26648426055908203,6.196096986532211
82,uprzejmy,odpowiedni,1.0,2.43,0.1916567087173462,5.720594599843025
83,skromny,zawstydzony,1.86,3.71,0.25272977352142334,6.1107926815748215
84,egzotyczny,rzadki,5.43,7.29,0.4037379026412964,6.995522975921631
85,głupi,mądry,0.29,6.71,0.6419336199760437,8.1593057513237
86,zachwycający,cudowny,9.0,9.71,0.4860498905181885,7.429763227701187
87,zauważalny,oczywisty,5.43,7.57,0.3919457197189331,6.930539309978485
88,przestraszony,zalękniony,8.86,9.14,0.29844085980103086,6.390639142351857
89,formalny,właściwy,1.71,3.29,0.29081106185913086,6.344655752182007
90,ponury,nudny,0.57,3.14,0.4486430883407593,7.236622124910355
91,zachwycający,wesoły,0.57,2.57,0.30350661277770996,6.421008408069611
92,nieszczęśliwy,szalony,0.43,4.43,0.3250851631164551,6.5489377081394196
93,smutny,straszny,0.43,1.57,0.5140030384063721,7.569525241851807
94,chory,zwariowany,2.14,4.43,0.19774210453033447,5.760310962796211
95,gwałtowny,gniewny,4.57,6.29,0.2781001329421997,6.267401725053787
96,obładowany,ciężki,2.29,5.57,0.281459127748525,6.287895577391791
97,brudny,tani,0.0,1.43,0.23829495906829834,6.0202506929636
98,elastyczny,giętki,9.29,9.29,0.5626112818717957,7.803255915641785
99,twardy,gęsty,0.86,3.86,0.29379236698150635,6.362658441066742
100,niedawny,nowy,6.86,8.57,0.24299860000610352,6.0498687624931335
101,śmiały,dumny,1.14,4.14,0.2985731363296509,6.391433775424957
102,dziwny,przebiegły,0.29,2.14,0.2575284242630005,6.1406610906124115
103,dziwny,chytry,1.43,2.0,0.2974586486816406,6.384735852479935
104,głupi ,rzadki,0.0,0.0,0.1788902582912537,5.636672657117221
105,przebiegły,twardy,0.0,0.14,0.24819624423980713,6.082468032836914
106,niesamowity,szalony,1.71,3.43,0.41242241859436035,7.0429375767707825
107,skromny,elastyczny,0.0,0.29,0.2576425075531006,6.141369789838791
108,świeży,rozległy,0.0,0.0,0.3538113832473755,6.715628802776337
109,ogromny,głupi,0.0,0.0,0.1396390199661255,5.373545475304127
110,wielki,elastyczny,0.29,0.57,0.1234670877456665,5.262892190366983
111,brudny,wąski,0.0,0.86,0.27205705642700195,6.2303901463747025
112,żona,mąż,2.14,8.43,1.0144923031330109,9.410705864429474
113,książka,tekst,3.14,7.0,0.40495550632476807,7.002193778753281
114,narzeczony,narzeczona,2.71,9.57,0.9296606183052063,9.186782538890839
115,noc,dzień,0.29,7.43,0.5288665294647217,7.642250061035156
116,południe,północ,0.29,7.43,1.1307667195796967,9.659166932106018
117,samolot,lotnisko,0.57,8.57,0.6469230055809021,8.180649280548096
118,wuj,ciotka,2.43,9.29,0.7048707604408264,8.419423997402191
119,koń,klacz,4.29,9.14,0.7214633822441101,8.484702110290527
120,dno,wierzch,0.29,7.57,0.3197401762008667,6.517467200756073
121,przyjaciel,kumpel,6.71,8.43,0.5215781331062317,7.606726884841919
122,student,uczeń,7.57,8.71,0.5859758257865906,7.911399602890015
123,świat,glob,7.14,9.0,0.44149458408355713,7.198915630578995
124,noga,ramię,0.29,8.0,0.36834895610809326,6.798415035009384
125,samolot,odrzutowiec,6.71,9.57,0.8176581859588623,8.836024403572083
126,kobieta,mężczyzna,2.14,8.43,1.005084365606308,9.38764601945877
127,koń,źrebak,7.57,9.29,0.6581662893295288,8.228290379047394
128,aktorka,aktor,2.43,9.29,0.9195663332939148,9.157741963863373
129,nauczyciel,instruktor,7.29,9.0,0.4589911699295044,7.290751934051514
130,film,kino,2.43,9.14,0.5767679214477539,7.869106829166412
131,ptak,jastrząb,5.0,8.86,0.37315309047698975,6.825539916753769
132,słowo,słownik,0.43,8.29,0.37455105781555176,6.833411753177643
133,pieniądze,pensja,5.43,8.86,0.29142977651403923,6.34839499273411
134,pies,kot,1.14,7.29,0.6792654991149902,8.315987288951874
135,obszar,region,9.0,9.43,0.45274555683135986,7.25814551115036
136,flota,armia,3.71,7.86,0.5643189549446106,7.811252474784851
137,książka,literatura,3.14,9.14,0.546015739440918,7.7247849106788635
138,ubranie,szafa,0.43,8.0,0.4786573648452759,7.392147779464722
139,zachód,wschód,0.43,7.29,1.1329891979694366,9.663257896900177
140,dziecko,dorosły,0.86,7.0,0.47755205631256104,7.386500388383865
141,krowa,bydło,5.86,9.14,0.7911908626556396,8.743973970413208
142,książka,opowieść,4.57,7.43,0.5202001333236694,7.59998083114624
143,zima,lato,0.43,7.29,0.7569839954376221,8.619818389415741
144,taksówka,taryfa,6.29,8.86,0.3756580352783203,6.839637905359268
145,drzewo,klon,4.86,8.0,0.4959378242492676,7.479648143053055
146,łóżko,sypialnia,1.57,7.43,0.6179524660110474,8.05498093366623
147,dach,sufit,1.71,6.57,0.5827977061271667,7.896849811077118
148,schorzenie,infekcja,4.86,7.86,0.71651291847229,8.465370237827301
149,ramię,bark,3.86,8.43,0.4230782985687256,7.100599110126495
150,owca,jagnię,7.43,9.14,0.5770648121833801,7.870476543903351
151,dama,dżentelmen,1.57,9.0,0.5046252012252808,7.523072063922882
152,łódź,kotwica,0.0,8.43,0.24426624177537049,6.05783194047099
153,ksiądz,mnich,4.29,8.14,0.28314685821533203,6.298171281814575
154,paluch,palec,7.71,8.86,0.4900209903717041,7.449855804443359
155,rzeka,strumień,7.57,9.14,0.45981502532958984,7.2950379550457
156,złość,furia,8.14,9.29,0.6017276048660278,7.982766628265381
157,data,kalendarz,0.57,7.86,0.47412919998168945,7.368973046541214
158,morze,ocean,4.71,9.0,0.7365070581436157,8.542696237564087
159,sekunda,minuta,2.71,9.14,0.6616169810295105,8.242785036563873
160,dłoń,kciuk,1.43,8.57,0.58629310131073,7.9128497838974
161,drewno,kłoda,5.29,9.0,0.353601336479187,6.714425086975098
162,błoto,brud,3.57,7.86,0.5036906003952026,7.518419325351715
163,hol,korytarz,8.71,9.57,0.5677386522293091,7.8272223472595215
164,sposób,maniera,6.29,7.14,0.2717583179473877,6.228556334972382
165,mysz,kot,0.86,7.14,0.4519524574279785,7.25399062037468
166,gliniarz,szeryf,5.14,8.43,0.5430114269256592,7.710432410240173
167,śmierć,pochówek,0.29,8.57,0.38944685459136963,6.9166795909404755
168,muzyka,melodia,6.57,8.57,0.6226454973220825,8.075622916221619
169,piwo,alkohol,3.86,8.43,0.5745073556900024,7.85865843296051
170,usta,warga,5.14,8.57,0.48320281505584717,7.415309250354767
171,burza,huragan,3.14,7.29,0.5551856160163879,7.768315076828003
172,podatek,dochód,0.14,6.14,0.5865800976753235,7.914160788059235
173,kwiat,fiołek,4.57,8.0,0.5033777356147766,7.516860365867615
174,papier,tektura,3.29,7.57,0.5997056365013123,7.9736751317977905
175,podłoga,sufit,0.43,6.86,0.7143707871437073,8.456966876983643
176,plaża,wybrzeże,3.71,7.86,0.5716870427131653,7.845587730407715
177,karnisz,zasłona,0.0,8.0,0.5226709842681885,7.612069845199585
178,ogar,lis,0.43,5.71,0.3550407886505127,6.722670495510101
179,ulica,aleja,7.14,8.86,0.7387686371803284,8.551317155361176
180,łódź,pokład,1.14,8.14,0.2857312000585932,6.313878138683665
181,samochód,klakson,0.0,7.71,0.37926042079925537,6.8598572909832
182,przyjaciel,gość,0.71,4.14,0.29847919940948486,6.390869319438934
183,pracodawca,pracownik,0.0,8.57,0.5219342112541199,7.608468234539032
184,dłoń,nadgarstek,1.43,8.86,0.6141326427459717,8.038097620010376
185,kula,działo,0.29,8.29,0.2919168472290039,6.351338177919388
186,alkohol,koniak,5.43,9.43,0.46724724769592285,7.333554625511169
187,zwycięstwo,triumf,9.71,9.71,0.7848750948905945,8.72149109840393
188,telefon,budka,0.29,5.71,0.2328791618347168,5.9860121458768845
189,drzwi,wejście,8.14,9.0,0.4818183183670044,7.408264875411987
190,motel,zajazd,7.29,8.57,0.6131481528282166,8.033734560012817
191,ubiór,tkanina,2.29,8.0,0.5319564938545227,7.657228708267212
192,stek,mięso,5.86,8.57,0.47742176055908203,7.385834455490112
193,paznokieć,kciuk,2.0,7.29,0.38662469387054443,6.900988817214966
194,zespół,orkiestra,6.29,7.71,0.3613635301589966,6.7587679624557495
195,książka,Biblia,2.29,6.71,0.37055504322052,6.8108852207660675
196,biznes,przemysł,4.86,7.86,0.37427568435668945,6.8318623304367065
197,zima,sezon,3.71,7.14,0.42230093479156494,7.0964115858078
198,dekada,wiek,0.86,6.71,0.5318892002105713,7.656903862953186
199,alkohol,dżin,5.57,9.43,0.2506450414657593,6.097780168056488
200,kapelusz,płaszcz,0.43,5.71,0.6348153352737427,8.128638863563538
201,okno,drzwi,1.0,7.0,0.7233156561851501,8.49190354347229
202,ramię,nadgarstek,1.86,8.0,0.38752448558807373,6.905995607376099
203,dom,apartament,5.0,8.14,0.39556992053985596,6.950585693120956
204,szkło,kryształ,4.0,7.0,0.48133206367492676,7.405789494514465
205,wino,koniak,2.14,8.86,0.6378940343856812,8.141933679580688
206,twórca,wykonawca,3.71,7.86,0.4342912435531616,7.160662412643433
207,obiad,śniadanie,0.71,8.0,0.8838311433792114,9.050839841365814
208,ramię,mięsień,0.29,6.86,0.2847534418106079,6.307939738035202
209,bąbelek,mydliny,2.43,6.71,0.35392701625823975,6.716291457414627
210,chleb,mąka,0.71,7.14,0.5856760144233704,7.9100289940834045
211,śmierć,tragedia,2.71,7.29,0.37068653106689453,6.811627894639969
212,nieobecność,obecność,0.43,7.43,0.4263734817504883,7.118315696716309
213,pistolet,działo,2.29,7.0,0.3759725093841553,6.84140607714653
214,trawa,źdźbło,3.43,8.57,0.4497098922729492,7.242226749658585
215,piłka,kosz,0.0,6.71,0.3482013940811157,6.683400124311447
216,szlauch,ogród,0.0,6.71,0.25926637649536133,6.151450350880623
217,chłopiec,dzieciak,5.14,7.43,0.5886827111244202,7.9237523674964905
218,kościół,chór,0.0,6.43,0.38787388801574707,6.907938867807388
219,ubrania,szuflada,0.0,5.71,0.34636299764293277,6.672803991362151
220,wieża,dzwon,0.0,7.0,0.5394729375839233,7.693469524383545
221,ojciec,rodzic,7.14,9.43,0.5710591673851013,7.8426724672317505
222,szkoła,stopień,0.29,6.14,0.31405746936798096,6.483851075172424
223,rodzic,dorosły,3.29,7.57,0.40583598613739014,7.007012665271759
224,krata,więzienie,1.86,8.0,0.4236602783203125,7.103732377290726
225,samochód,autostrada,0.0,8.14,0.3306276798248291,6.581421196460724
226,słownik,definicja,0.43,8.14,0.38278400897979736,6.879571378231049
227,drzwi,piwnica,0.14,5.14,0.363916277885437,6.773284673690796
228,armia,legion,4.14,7.86,0.57728111743927,7.871474921703339
229,metal,aluminium,3.71,8.43,0.5381163358688354,7.686949670314789
230,krzesło,ławka,1.57,8.14,0.556038498878479,7.772341668605804
231,obłok,mgła,3.0,6.86,0.527666449546814,7.636418640613556
232,chłopiec,syn,5.29,7.86,0.3247791528701782,6.547140181064606
233,woda,lód,2.43,8.14,0.4257330894470215,7.114876955747604
234,łóżko,koc,0.0,6.86,0.4940330982208252,7.4700769782066345
235,adwokat,prawnik,6.0,9.14,0.8251942992210388,8.861593306064606
236,obszar,strefa,8.14,8.86,0.5128102898597717,7.563641667366028
237,biznes,firma,7.71,9.29,0.36731839179992676,6.792581379413605
238,ubranie,materiał,2.0,8.29,0.34589290618896484,6.6700924932956696
239,sweter,kurtka,1.86,6.57,0.9108557105064392,9.132273197174072
240,pieniądze,kapitał,5.43,8.29,0.36227024952201625,6.763927534799338
241,ręka,stopa,0.29,7.14,0.3281388282775879,6.566853374242783
242,alkohol,koktajl,2.86,6.57,0.38139140605926514,6.871787011623383
243,jard,cal,1.57,8.71,0.36971187591552734,6.806122213602066
244,molekuła,atom,6.57,9.0,0.8393537998199463,8.90886664390564
245,obiektyw,aparat,1.86,9.14,0.5326592326164246,7.6606303453445435
246,posiłek,obiad,4.71,8.71,0.7557191848754883,8.615115284919739
247,oko,łza,0.14,7.86,0.4337303638458252,7.157672792673111
248,bóg,diabeł,0.14,8.14,0.32616400718688965,6.555272936820984
249,pętla,pasek,0.29,2.0,0.24927771091461182,6.089235097169876
250,szczur,mysz,2.71,8.43,0.5438523292541504,7.714454233646393
251,motor,silnik,6.29,8.43,0.4475046396255493,7.230633944272995
252,samochód,taksówka,4.14,8.14,0.5108349323272705,7.5538817048072815
253,kot,lew,3.29,7.71,0.3730008602142334,6.824682652950287
254,rozmiar,wielkość,7.29,9.71,0.6548318266868591,8.214227259159088
255,rzeczywistość,fantazja,0.14,6.43,0.32444560527801514,6.545179486274719
256,drzwi,brama,4.57,8.57,0.5392504930496216,7.692401111125946
257,kot,zwierzak,4.71,8.71,0.7098881602287292,8.439308106899261
258,puszka,aluminium,1.29,7.71,0.3343780040740967,6.603312939405441
259,kość,szczęka,1.57,7.43,0.5383268594741821,7.687962353229523
260,zboże,pszenica,4.29,8.43,0.9314910769462585,9.191994667053223
261,dom,klucz,0.0,5.71,0.22351884841918945,5.926489904522896
262,krew,ciało,0.14,6.57,0.361747145652771,6.76095113158226
263,drzwi,korytarz,0.0,5.0,0.5567697286605835,7.775791585445404
264,bóg,duch,1.86,6.0,0.41809630393981934,7.073711305856705
265,zdolność,kompetencja,6.29,8.0,0.355989933013916,6.728102266788483
266,obfitość,dostatek,7.71,9.0,0.5566567778587341,7.77525931596756
267,kanapa,krzesło,1.43,8.43,0.7076810598373413,8.430576622486115
268,ściana,cegła,1.0,7.0,0.5180310010910034,7.589342296123505
269,trąbka,bęben,1.0,8.0,0.5557603240013123,7.771028280258179
270,organ,wątroba,3.86,8.43,0.2678176164627075,6.204316392540932
271,siła,moc,8.43,9.43,0.38805580139160156,6.908950507640839
272,fraza,słowo,4.29,8.14,0.5840189456939697,7.902446389198303
273,zespół,parada,0.0,4.86,0.17214441299438477,5.591999031603336
274,żołądek,talia,0.0,2.57,0.22642672061920166,5.945027694106102
275,chmura,burza,1.29,7.43,0.4624624252319336,7.308789789676666
276,radość,duma,0.71,4.43,0.44293713569641113,7.206545323133469
277,hałas,grzechot,4.14,7.14,0.3874680995941162,6.905682384967804
278,deszcz,mgła,1.57,5.57,0.5671162605285645,7.824319899082184
279,piwo,napój,3.43,8.14,0.7485460042953491,8.588292300701141
280,mężczyzna,wujek,3.43,7.86,0.16468441486358643,5.54233081638813
281,jabłko,sok,0.0,5.29,0.5824255347251892,7.8951433300971985
282,inteligencja,logika,3.86,6.57,0.3778263330459595,6.851815432310104
283,komunikacja,język,2.57,7.57,0.29734909534454346,6.384076923131943
284,norka,futro,1.71,7.43,0.45295143127441406,7.259223312139511
285,motłoch,tłum,6.43,8.29,0.4845517873764038,7.422162741422653
286,brzeg,wybrzeże,7.71,9.14,0.4850066900253296,7.424471825361252
287,drut,sznur,2.71,3.86,0.4871814250946045,7.43549644947052
288,ptak,indyk,3.43,8.29,0.3928126096725464,6.935340315103531
289,łóżko,łóżeczko,8.57,9.71,0.7279922962188721,8.510010242462158
290,kompetencja,umiejętność,7.29,8.57,0.4317185878753662,7.1469371020793915
291,chmura,mgiełka,3.57,6.43,0.4683256149291992,7.3391202092170715
292,kolacja,posiłek,4.43,8.86,0.6094800233840942,8.017435669898987
293,pręt,klatka,0.86,6.86,0.4362438917160034,7.171057760715485
294,woda,sól,0.0,4.43,0.4337198734283447,7.157616764307022
295,zmysł,intuicja,6.14,8.14,0.534787654876709,7.67091304063797
296,sytuacja,stan,6.14,7.57,0.33579492568969727,6.611566543579102
297,przestępstwo,kradzież,6.0,8.43,0.6531029343605042,8.206913769245148
298,styl,moda,5.43,8.29,0.38666629791259766,6.90122053027153
299,rubież,granica,7.57,9.0,0.5126416087150574,7.562808692455292
300,ramię,ciało,1.14,7.86,0.2935713529586792,6.3613249361515045
301,łódź,samochód,0.71,6.0,0.23931794442106336,6.026701902334568
302,kanapka,lunch,1.0,7.14,0.5736032724380493,7.854472994804382
303,narzeczona,księżniczka,1.0,2.71,0.49649691581726074,7.482453882694244
304,bohaterka,bohater,3.14,9.29,0.7281773090362549,8.510724604129791
305,samochód,wskaźnik,0.0,4.57,0.2609751224517822,6.162043139338493
306,owad,pszczoła,4.71,8.43,0.7325880527496338,8.527697324752808
307,łóżeczko,kołyska,5.71,8.57,0.5680569410324097,7.828705906867981
308,zwierzę,człowiek,1.57,4.43,0.47676682472229004,7.382484525442123
309,marihuana,zioło,7.29,8.86,0.3884236812591553,6.910995692014694
310,łóżko,szpital,0.0,6.43,0.44319093227386475,7.207886278629303
311,policzek,język,0.43,5.57,0.21661102771759033,5.882282629609108
312,dysk,komputer,0.14,7.57,0.525227427482605,7.624545991420746
313,krzywa,kąt,1.29,5.71,0.48480653762817383,7.423455864191055
314,trawa,mech,2.0,6.29,0.5559006333351135,7.771691679954529
315,szkoła,prawo,0.0,2.57,0.30237865447998047,6.414258182048798
316,stopa,głowa,0.29,6.0,0.3331904411315918,6.596388518810272
317,matka,opiekunka,5.57,8.0,0.4041564464569092,6.9978176057338715
318,ortodonta,dentysta,3.29,8.86,0.7476376295089722,8.58487755060196
319,alkohol,whisky,3.29,8.57,0.4824568033218384,7.411515116691589
320,usta,ząb,1.43,7.14,0.2825092077255249,6.294290721416473
321,śniadanie,bekon,0.29,4.71,0.3210083246231079,6.524946838617325
322,łazienka,sypialnia,0.29,6.57,0.7698978185653687,8.667377531528473
323,talerz,miska,1.71,7.43,0.7281631827354431,8.510670363903046
324,mięso,bekon,3.14,8.29,0.5196507573127747,7.59728878736496
325,powietrze,hel,1.43,5.71,0.3789910078048706,6.8583473563194275
326,robotnik,pracodawca,1.0,7.29,0.37333786487579346,6.826581209897995
327,ciało,pierś,2.29,7.14,0.2867485284805298,6.320052593946457
328,syn,ojciec,1.14,8.57,0.7236364483833313,8.493149280548096
329,serce,operacja,0.0,4.29,0.25613701343536377,6.1320119351148605
330,kobieta,sekretarka,2.14,6.0,0.26136767864227295,6.164475083351135
331,mężczyzna,ojciec,2.71,7.57,0.257000207901001,6.137378960847855
332,plaża,wyspa,0.57,6.14,0.47398412227630615,7.368228733539581
333,opowiadanie,temat,0.14,4.86,0.35749268531799316,6.736692935228348
334,gra,zabawa,7.43,8.71,0.36807096004486084,6.79684191942215
335,weekend,tydzień,0.71,7.86,0.550803542137146,7.747565805912018
336,para,duet,9.0,9.57,0.4538358449935913,7.263851165771484
337,kobieta,żona,3.14,7.57,0.36766910552978516,6.794566959142685
338,owca,bydło,0.71,4.57,0.7257288694381714,8.501260578632355
339,torebka,torba,8.43,9.43,0.7092012763023376,8.436593413352966
340,sufit,katedra,0.29,4.14,0.20822417736053467,5.828288048505783
341,ziarno,kawa,1.14,7.14,0.36935150623321533,6.804085224866867
342,drewno,papier,0.57,5.57,0.38110339641571045,6.870175898075104
343,wierzch,strona,2.29,5.0,0.1990034580230713,5.76852060854435
344,przestępstwo,oszustwo,6.0,8.14,0.6118317246437073,8.027893006801605
345,ból,rana,0.57,7.43,0.4311251640319824,7.143766283988953
346,kochanek,towarzysz,2.86,5.14,0.3235515356063843,6.53992235660553
347,wieczór,zmierzch,6.43,8.29,0.4793144464492798,7.395502924919128
348,ojciec,córka,0.43,8.57,0.6311466097831726,8.11273455619812
349,wino,trunek,4.57,8.14,0.7301218509674072,8.518219292163849
350,krowa,koza,0.86,6.86,0.5872510075569153,7.917223274707794
351,wiara,opinia,2.14,3.57,0.253475546836853,6.115441471338272
352,rzeczywistość,iluzja,0.71,6.71,0.4357260465621948,7.168302983045578
353,pakt,porozumienie,8.29,9.14,0.4830564260482788,7.414564788341522
354,bogactwo,bieda,0.43,7.43,0.40493106842041016,7.0020608603954315
355,wypadek,awaria,3.29,6.57,0.5338068008422852,7.666176855564117
356,bitwa,podbój,3.71,7.14,0.37284958362579346,6.823830157518387
357,przyjaciel,nauczyciel,0.86,3.43,0.3785848617553711,6.8560706079006195
358,choroba,infekcja,6.29,8.14,0.6856303215026855,8.342005610466003
359,gra,sztuczka,3.14,4.29,0.2687128782272339,6.209829971194267
360,brat,syn,1.43,6.71,0.7903019189834595,8.740821480751038
361,ciotka,siostrzeniec,0.57,7.14,0.641797661781311,8.158721625804901
362,robotnik,mechanik,4.43,7.0,0.3824489116668701,6.877698451280594
363,lekarz,ortodonta,3.86,7.43,0.502720832824707,7.513585388660431
364,dąb ,klon,2.43,7.43,0.43613376618814814,7.170471576344676
365,pszczoła,królowa,0.71,5.14,0.2694740295410156,6.214514300227165
366,samochód,rower,0.71,6.71,0.5373576879501343,7.683299481868744
367,cel,poszukiwanie,0.14,5.0,0.22338318824768066,5.9256235510110855
368,sierpień,miesiąc,3.29,8.86,0.5330153107643127,7.662351429462433
369,armia,brygada,3.43,7.0,0.6012183427810669,7.9804787039756775
370,chmura,pogoda,0.29,7.0,0.3769439458847046,6.846862733364105
371,lekarz,doktor,8.86,9.57,0.5412396788597107,7.701947093009949
372,kanion,dolina,5.71,8.29,0.5207585692405701,7.602716088294983
373,rzeka,dolina,0.14,5.71,0.6879595518112183,8.351475894451141
374,słońce,niebo,0.29,8.57,0.43659114837646484,7.172904163599014
375,cel,strzała,0.0,6.0,0.20462942123413086,5.8050378412008286
376,czekolada,ciasto,0.86,5.57,0.5802593231201172,7.885192632675171
377,okoliczność,sytuacja,7.57,8.57,0.45924055576324463,7.292049825191498
378,opinia,wybór,0.14,5.0,0.2724318504333496,6.232690736651421
379,rytm,melodia,1.86,8.14,0.5590074062347412,7.786332368850708
380,jelito,nerw,0.29,2.71,0.4124835729598999,7.043270319700241
381,dzień,świt,3.14,7.29,0.2877962589263916,6.326405107975006
382,bydło,wołowina,1.0,6.14,0.507203996181488,7.535890340805054
383,doktor,profesor,2.57,8.86,0.7458975911140442,8.578324019908905
384,ramię,żyła,0.29,4.0,0.21766281127929688,5.889028385281563
385,pokój,łazienka,2.57,6.29,0.5167478919029236,7.583038508892059
386,korporacja,biznes,3.29,6.71,0.4447164535522461,7.215941697359085
387,rozrywka,futbol,1.86,5.29,0.325167179107666,6.549419015645981
388,wzgórze,klif,1.57,5.57,0.4849991798400879,7.4244339764118195
389,kość,kostka,5.86,8.0,0.425992488861084,7.116270065307617
390,jabłko,cukierek,0.29,3.29,0.4215768575668335,7.092508971691132
391,pomocnik,służący,3.86,6.43,0.2768096923828125,6.259513795375824
392,lider,menedżer,5.86,7.57,0.3714364767074585,6.815860718488693
393,cytryna,herbata,0.14,6.43,0.5806724429130554,7.887092232704163
394,pszczoła,mrówka,1.57,6.71,0.5946766138076782,7.950973808765411
395,koszykówka,bejsbol,1.0,7.14,0.2845836877822876,6.306907832622528
396,ryż,ziarnko,1.71,6.29,0.35157930850982666,6.702824831008911
397,łóżko,mebel,3.29,7.86,0.3764091730117798,6.843859255313873
398,emocja,pasja,4.86,6.14,0.3835054636001587,6.883600205183029
399,anarchia,chaos,6.71,8.29,0.5641352534294128,7.810393273830414
400,przestępstwo,naruszenie,4.0,6.57,0.5527147054672241,7.756626605987549
401,maszyna,silnik,3.0,6.71,0.5774905681610107,7.872441112995148
402,plaża,morze,0.14,8.14,0.5823293924331665,7.894701957702637
403,kręgielnia,kula,0.0,7.71,0.27314162254333496,6.237047091126442
404,słoik,butelka,1.71,6.57,0.7354524731636047,8.538667559623718
405,siła,zdolność,2.0,4.29,0.3219047784805298,6.530228704214096
406,nasiona,musztarda,0.0,2.43,0.17103405691138485,5.584623846645935
407,gitara,bęben,1.14,6.57,0.48491525650024414,7.42400735616684
408,opinia,idea,1.43,3.57,0.27062368392944336,6.221584677696228
409,północ,zachód,0.43,7.29,0.9447546005249023,9.229256808757782
410,dieta,sałatka,0.14,5.71,0.3875685930252075,6.906241625547409
411,matka,żona,3.0,8.29,0.6395407915115356,8.149025440216064
412,tata,matka,2.43,8.86,0.42971694469451904,7.136235237121582
413,kapitan,żeglarz,4.86,8.0,0.44409263134002686,7.212648987770081
414,metr,jard,1.86,8.57,0.5166544914245605,7.582579553127289
415,piwo,szampan,1.29,8.14,0.5380203127861023,7.686488032341003
416,silnik,łódź,0.0,5.57,0.1993810341340465,5.77097603736176
417,karta,brydż,0.71,8.71,0.311334490776062,6.467685848474503
418,nauka,psychologia,2.86,7.0,0.47684574127197266,7.382888197898865
419,grzesznik,święty,0.29,6.14,0.25892722606658936,6.1493465304374695
420,destrukcja,konstrukcja,0.86,6.14,0.25506913661956787,6.125367879867554
421,tłum,zgraja,6.14,7.43,0.4257141351699829,7.1147750318050385
422,plaża,rafa,0.14,3.43,0.43899667263031006,7.1856799721717834
423,mężczyzna,dziecko,1.0,4.43,0.3680408000946045,6.796670705080032
424,chleb,ser,0.71,5.29,0.5013515949249268,7.506753504276276
425,mistrz,zwycięzca,5.71,6.86,0.5306732654571533,7.651014029979706
426,uroczystość,ceremonia,8.71,9.29,0.6895926594734192,8.35809975862503
427,menu,zamówienie,0.43,6.43,0.23559343814849854,6.003189906477928
428,król,księżniczka,1.14,8.14,0.526063859462738,7.628621160984039
429,bogactwo,prestiż,1.29,6.43,0.3535555601119995,6.714162826538086
430,wytrzymałość,siła,4.29,6.43,0.3457263708114624,6.669131219387054
431,niebezpieczeństwo,zagrożenie,9.29,9.71,0.8681178092956543,9.001812040805817
432,bóg,ksiądz,0.0,6.0,0.17588722705841064,5.616813749074936
433,mężczyźni,bractwo,2.43,5.14,0.24359196192642907,6.053597245431624
434,kumpel,kompan,7.71,8.57,0.4993116855621338,7.496557533740997
435,nauczyciel,pomocnik,0.71,3.43,0.313701868057251,6.481741666793823
436,ciało,żołądek,0.43,6.14,0.3312329053878784,6.584958732128143
437,język,gardło,1.0,5.43,0.23849761486053467,6.02152980864048
438,dom,dywan,0.14,4.14,0.21592199802398682,5.877859517931938
439,inteligencja,umiejętność,3.71,6.14,0.44217050075531006,7.202491909265518
440,podróż,podbój,1.29,4.0,0.4246455430984497,7.10903212428093
441,bóg,modlitwa,0.0,8.29,0.42827165126800537,7.128495872020721
442,brat,dusza,0.0,1.14,0.2596319913864136,6.153718009591103
443,adwersarz,oponent,9.43,9.86,0.924811601638794,9.172896146774292
444,śmierć,katastrofa,1.86,6.71,0.40656793117523193,7.011015862226486
445,potwór,demon,6.86,8.14,0.5747392773628235,7.859731614589691
446,dzień,poranek,4.14,8.57,0.3444021940231323,6.661484241485596
447,człowiek,zwycięzca,1.29,4.29,0.21921908855438232,5.8990005403757095
448,znajomy,facet,3.71,5.29,0.39369475841522217,6.940222233533859
449,piosenka,opowieść,1.86,4.0,0.4083249568939209,7.020614445209503
450,promień,słońce,2.57,8.14,0.5231653451919556,7.614485025405884
451,facet,ogier,0.86,2.71,0.25914645195007324,6.15070603787899
452,kurczak,ryż,0.29,5.71,0.5372340083122253,7.6827046275138855
453,kabina,winda,3.29,6.43,0.4611321687698364,7.301884293556213
454,masło,ziemniak,0.29,5.86,0.6290494203567505,8.103612959384918
455,mieszkanie,meble,0.14,7.0,0.22887748327195956,5.960618986451108
456,jezioro,bagno,1.57,5.0,0.5662100315093994,7.82009094953537
457,sałatka,ocet,0.14,5.29,0.6183655261993408,8.056801855564117
458,kwiat,cebulka,0.29,5.86,0.46433794498443604,7.318510562181473
459,chmura,mgła,2.71,6.57,0.6008255481719971,7.978713512420654
460,kierowca,pilot,3.43,6.57,0.5495014190673828,7.741381227970123
461,cukier,miód,1.57,6.71,0.6138986349105835,8.037061393260956
462,ciało,bark,1.71,7.86,0.2614758014678955,6.165144890546799
463,idea,wyobrażenie,6.43,7.71,0.36933910846710205,6.804015040397644
464,ojciec,brat,1.43,7.29,0.6598773002624512,8.235484659671783
465,księżyc,planeta,2.43,6.86,0.6576206684112549,8.225992918014526
466,bal,kostium,0.0,7.0,0.3134937286376953,6.480507403612137
467,barierka,płot,6.0,7.86,0.6017189025878906,7.982727587223053
468,pokój,łóżko,0.0,5.71,0.41845250129699707,7.0756372809410095
469,kwiat,krzew,2.29,6.86,0.5877750515937805,7.919614315032959
470,kość,kolano,0.43,6.57,0.3448442220687866,6.664038151502609
471,ramię,kolano,0.43,6.29,0.37500762939453125,6.835980266332626
472,dno,strona,0.71,1.71,0.25065135955810547,6.0978203266859055
473,naczynie,żyła,2.29,3.43,0.4405989646911621,7.194173634052277
474,kot,królik,0.71,6.71,0.5902499556541443,7.930887043476105
475,mięso,kanapka,0.29,4.71,0.4716784954071045,7.356387376785278
476,wiara,koncept,2.29,4.43,0.19144439697265625,5.719205066561699
477,inteligencja,wnikliwość,2.29,6.14,0.39106690883636475,6.925668269395828
478,uwaga,zainteresowanie,7.0,7.86,0.3601648807525635,6.751940101385117
479,postawa,pewność,1.14,3.43,0.29653239250183105,6.379165202379227
480,słuszność,sprawiedliwość,3.43,5.71,0.30947649478912354,6.4566344022750854
481,prawo,zgoda,0.29,3.43,0.39226698875427246,6.932319700717926
482,głębokość,wielkość,1.43,6.29,0.48114585876464844,7.404841184616089
483,medium,wiadomość,0.29,5.86,0.20504915714263916,5.807756260037422
484,zwycięzca,kandydat,0.57,4.0,0.35981929302215576,6.749969869852066
485,urodziny,data,2.29,6.14,0.3635289669036865,6.7710842192173
486,opłata,płatność,8.71,9.43,0.5741666555404663,7.857081890106201
487,Biblia,hymn,0.0,1.14,0.2591656446456909,6.150825321674347
488,wyjście,drzwi,6.14,7.57,0.27948081493377686,6.275831758975983
489,mężczyzna,wartownik,1.14,4.43,0.2544529438018799,6.121531501412392
490,przejście,hol,3.43,7.0,0.28529202938079834,6.311211287975311
491,whisky,gin,2.57,8.0,0.5495985746383667,7.741842865943909
492,krew,szpik,0.71,7.71,0.5463625192642212,7.7264392375946045
493,olej,norka,0.0,0.0,0.18999719619750977,5.70973128080368
494,podłoga,pokład,2.71,5.43,0.3359726667404175,6.612600386142731
495,dach,podłoga,0.43,6.29,0.5843192934989929,7.903822362422943
496,drzwi,podłoga,0.43,5.14,0.581516444683075,7.890969812870026
497,bark,głowa,1.43,5.29,0.4214491844177246,7.091820240020752
498,wóz,powóz,5.14,8.29,0.6155941486358643,8.044565916061401
499,samochód,pojazd,6.43,8.43,0.8901681900024414,9.07026320695877
500,łokieć,kostka,1.0,6.43,0.48372459411621094,7.417960613965988
501,bogactwo,sława,0.71,4.86,0.37233495712280273,6.820928901433945
502,żal,wstyd,1.86,4.86,0.5625545382499695,7.802990078926086
503,administracja,zarząd,5.57,8.0,0.420055627822876,7.084300369024277
504,komunikacja,konwersacja,4.29,8.0,0.27253103256225586,6.233299747109413
505,zanieczyszczenie,atmosfera,0.0,6.57,0.38990914821624756,6.919245719909668
506,anatomia,biologia,2.43,6.86,0.5889288187026978,7.924873530864716
507,uczelnia,zawód,0.0,5.14,0.3029477596282959,6.417664885520935
508,książka,temat,0.0,5.71,0.4063231945037842,7.009677737951279
509,wzór,równanie,7.14,8.57,0.4048149585723877,7.001424729824066
510,książka,informacja,0.29,5.29,0.3346831798553467,6.605091840028763
511,chłopak,partner,7.14,8.71,0.3233020305633545,6.538454443216324
512,niebo,wszechświat,1.71,4.71,0.3815016746520996,6.872403919696808
513,populacja,ludzie,6.86,7.86,0.34814357801614015,6.683066941336887
514,uczelnia,klasa,1.14,4.43,0.26703548431396484,6.1994968354702
515,szef,major,1.71,4.14,0.5030897259712219,7.5154247879981995
516,rabin,pastor,2.71,7.0,0.4487849473953247,7.237367033958435
517,metr,cal,1.71,8.43,0.2745041847229004,6.245400533080101
518,poliester,bawełna,1.0,6.86,0.4736379384994507,7.366452068090439
519,prawnik,bankier,0.71,4.71,0.48442506790161133,7.421519309282303
520,skrzypce,instrument,4.29,8.57,0.5777121782302856,7.873463034629822
521,obóz,chatka,0.57,3.14,0.21841418743133545,5.893844738602638
522,garnek,urządzenie,0.71,2.57,0.2650512456893921,6.187254041433334
523,len,tkanina,3.57,6.29,0.5612358450889587,7.796804308891296
524,whisky,szampan,1.29,7.43,0.5691954493522644,7.834007441997528
525,dziewczynka,dziecko,4.57,8.0,0.5688097476959229,7.832212150096893
526,chatka,domek,8.0,8.86,0.6002300977706909,7.97603577375412
527,ptak,kura,3.57,8.43,0.4255044460296631,7.113647907972336
528,rakieta,hałas,0.0,6.43,0.21708953380584717,5.885351523756981
529,zachód,wieczór,3.57,7.86,0.2680591344833374,6.205804795026779
530,mżawka,deszcz,6.57,9.14,0.7353180646896362,8.538153767585754
531,dorosły,niemowlę,1.14,6.86,0.46471261978149414,7.320450395345688
532,grafit,węgiel,5.0,8.29,0.4740331172943115,7.36847996711731
533,ciało,kręgosłup,0.57,7.0,0.3496127128601074,6.691522896289825
534,głowa,paznokieć,0.29,5.0,0.3129922151565552,6.477531939744949
535,drewno,kloc,2.14,6.71,0.3724712133407593,6.821696907281876
536,łyżeczka,filiżanka,0.29,7.43,0.7803605198860168,8.705298006534576
537,ciało,nerw,0.43,6.86,0.25010406970977783,6.094400659203529
538,mężczyzna,mąż,4.71,8.43,0.34667110443115234,6.674581170082092
539,kość,kark,0.29,4.43,0.35761022567749023,6.737364679574966
540,frustracja,złość,5.0,7.71,0.6434827446937561,8.165946006774902
541,rzeka,morze,1.29,6.43,0.5042968392372131,7.521438300609589
542,zadanie,praca,3.57,6.57,0.35166049003601074,6.703290939331055
543,klub,stowarzyszenie,6.0,7.57,0.3890073299407959,6.914238333702087
544,odzwierciedlenie,obraz,5.86,7.57,0.3010599613189697,6.40635758638382
545,książę,król,4.0,8.71,0.6457129120826721,8.175484240055084
546,śnieg,pogoda,1.14,6.57,0.5007840991020203,7.503919303417206
547,społeczeństwo,partia,0.0,5.14,0.2927972078323364,6.356653273105621
548,chłopiec,brat,2.86,7.0,0.3911091089248657,6.925902366638184
549,korzeń,trawa,0.14,6.71,0.35870397090911865,6.743608862161636
550,brew,oko,0.29,6.71,0.508949339389801,7.54454642534256
551,pieniądz,perła,0.43,3.57,0.230804443359375,5.972856879234314
552,pieniądz,diament,0.43,4.43,0.26853764057159424,6.208751276135445
553,pojazd,autobus,5.29,8.29,0.632737934589386,8.119641542434692
554,taksówka,autobus,1.43,6.71,0.6472110152244568,8.181877434253693
555,dom,stodoła,1.43,4.29,0.4064708948135376,7.010484933853149
556,palec,dłoń,1.14,7.86,0.737008273601532,8.544609248638153
557,samochód,most,0.0,3.86,0.30407166481018066,6.424388438463211
558,wysiłek,trudność,2.86,6.86,0.41702473163604736,7.067911326885223
559,fakt,spostrzeżenie,3.57,6.0,0.36948859691619873,6.804859936237335
560,praca,zarządzanie,2.86,5.86,0.3171868324279785,6.502382606267929
561,rak,choroba,3.86,7.86,0.5902323126792908,7.930806875228882
562,słowo,gazeta,0.71,5.57,0.22330904006958008,5.925150588154793
563,kompozytor,pisarz,1.43,6.57,0.6106960773468018,8.02284687757492
564,aktor,piosenkarz,1.57,6.29,0.7510943412780762,8.597850799560547
565,schronienie,szałas,5.43,7.14,0.35994625091552734,6.7506930232048035
566,łazienka,kuchnia,0.71,7.14,0.6108139157295227,8.023370504379272
567,chata,domek,6.57,8.43,0.588222861289978,7.921656966209412
568,drzwi,kuchnia,0.29,6.0,0.3285788297653198,6.5694306790828705
569,wartość,wiara,0.86,4.43,0.2199479341506958,5.903667062520981
570,mądrość,inteligencja,5.0,8.14,0.40425074100494385,6.99833407998085
571,ignorancja,inteligencja,0.57,4.29,0.3249328136444092,6.548042744398117
572,szczęście,traf,6.0,7.43,0.386088490486145,6.8980032205581665
573,pomysł,plan,4.43,6.71,0.4698907136917114,7.347186952829361
574,nastrój,emocja,4.0,7.86,0.470065712928772,7.348088324069977
575,szczęście,spokój,2.14,6.14,0.4028046131134033,6.990405768156052
576,rozpacz,niedola,3.43,6.71,0.49329864978790283,7.466381192207336
577,logika,arytmetyka,2.0,6.29,0.6117898225784302,8.027706742286682
578,zaprzeczenie,spowiedż,0.43,1.71,0.3347647190093994,6.605566889047623
579,spór,krytyka,1.57,3.86,0.3586932420730591,6.743547022342682
580,agresja,wrogość,4.71,7.86,0.5271213054656982,7.63376772403717
581,histeria,zamieszanie,3.0,4.86,0.3225386142730713,6.5339623391628265
582,chemia,teoria,0.71,5.0,0.36526405811309814,6.780935525894165
583,rozprawa,werdykt,0.29,7.43,0.3808708190917969,6.868874430656433
584,komfort,bezpieczeństwo,3.0,6.86,0.40119993686676025,6.981596797704697
585,pewność,ego,2.14,4.71,0.20862019062042236,5.830845609307289
586,wzrok,percepcja,3.0,6.71,0.40568625926971436,7.006193846464157
587,era,dekada,2.86,6.71,0.43246614933013916,7.150929272174835
588,biografia,fikcja,0.86,6.29,0.2927975654602051,6.3566552102565765
589,dyskusja,spór,5.29,7.14,0.4881749153137207,7.44052454829216
590,kod,symbol,3.43,5.71,0.33124637603759766,6.585037708282471
591,niebezpieczeństwo,choroba,0.43,4.71,0.23379099369049072,5.99178671836853
592,wypadek,katastrofa,6.86,8.14,0.5724507570266724,7.849131226539612
593,podróż,wycieczka,6.57,8.71,0.5348889231681824,7.671401500701904
594,aktywność,ruch,7.71,8.71,0.33911633491516113,6.6308727860450745
595,plotka,wiadomość,3.71,6.29,0.27391231060028076,6.241772845387459
596,ojciec,bóg,2.71,5.0,0.3245851993560791,6.546000391244888
597,akcja,przebieg,3.14,5.86,0.2374281883239746,6.014780625700951
598,gorączka,choroba,1.29,7.71,0.4170745611190796,7.068181037902832
599,lotnictwo,lot,0.0,8.71,0.46310675144195557,7.312131375074387
600,gra,akcja,1.43,5.86,0.3552510738372803,6.7238749563694
601,cząsteczka,powietrze,0.29,5.29,0.35185086727142334,6.704384237527847
602,dom,państwo,1.29,1.71,0.23445534706115723,5.995991751551628
603,słowo,literatura,1.57,6.86,0.35739004611968994,6.736106127500534
604,dorosły,opiekun,3.0,4.29,0.3619765043258667,6.762256175279617
605,gazeta,informacja,1.57,8.0,0.2750281095504761,6.248609721660614
606,komunikacja,telewizja,0.86,6.43,0.2724102735519409,6.232558265328407
607,kuzyn,wuj,2.43,7.71,0.721598744392395,8.485229313373566
608,autor,czytelnik,0.57,7.71,0.3156778812408447,6.493453532457352
609,facet,partner,5.29,7.57,0.3102250099182129,6.46108865737915
610,obszar,zakątek,4.0,5.43,0.35323143005371094,6.712305098772049
611,ballada,piosenka,5.57,8.14,0.754395604133606,8.610185384750366
612,ściana,dekoracja,0.0,5.43,0.44950711727142334,7.241162061691284
613,słowo,strona,0.29,4.14,0.2682532072067261,6.207000017166138
614,pielęgniarka,naukowiec,1.0,2.57,0.2863752841949463,6.317787915468216
615,polityk,prezydent,4.71,8.43,0.45289838314056396,7.258945256471634
616,prezydent,burmistrz,4.14,7.43,0.5207535624504089,7.602691054344177
617,książka,esej,3.0,5.71,0.7001085877418518,8.400434255599976
618,mężczyzna,wojownik,2.57,6.71,0.3171771764755249,6.502325534820557
619,artykuł,czasopismo,0.43,7.29,0.4530375003814697,7.259674072265625
620,śniadanie,kolacja,0.86,8.57,0.8497516512870789,8.942942917346954
621,tłum,parada,1.86,5.43,0.32496535778045654,6.548234224319458
622,przejście,korytarz,5.0,7.29,0.42677152156829834,7.120451331138611
623,nauczyciel,rabin,2.14,5.57,0.33253931999206543,6.592589318752289
624,biodro,usta,0.57,4.0,0.27197110652923584,6.22986301779747
625,książka,artykuł,1.43,5.0,0.4682135581970215,7.338541895151138
626,pokój,cela,3.0,4.43,0.3838980197906494,6.8857912719249725
627,kabina,budka,5.57,6.71,0.29296982288360596,6.357695609331131
628,córka,dzieciak,3.86,6.0,0.2559162378311157,6.130639314651489
629,kończyna,noga,6.14,9.14,0.6807893514633179,8.322234749794006
630,wątroba,płuco,1.14,7.14,0.6609773635864258,8.24010282754898
631,klasa,korytarz,0.43,5.0,0.2374640703201294,6.015007644891739
632,góra,grań,2.43,7.43,0.38925135135650635,6.915593892335892
633,klatka,winda,1.0,5.29,0.4299091100692749,7.137264013290405
634,łóżko,kanapa,3.0,8.0,0.6295475363731384,8.105781078338623
635,ubranie,guzik,0.14,6.0,0.3484240770339966,6.684682220220566
636,ubranie,płaszcz,3.0,7.43,0.6165599226951599,8.048834502696991
637,nerka,organ,4.14,8.57,0.28899717330932617,6.3336800038814545
638,jabłko,sos,0.0,2.86,0.4575735330581665,7.283367961645126
639,kurczak,stek,1.0,5.29,0.4559323787689209,7.274806946516037
640,samochód,szlauch,0.0,1.57,0.24406397342681885,6.056561395525932
641,tytoń,papieros,1.43,8.71,0.709872841835022,8.439247608184814
642,student,profesor,1.0,8.57,0.47217297554016113,7.358929067850113
643,niemowlę,córka,2.57,6.29,0.2791633605957031,6.273894906044006
644,fajka,cygaro,1.71,8.14,0.753557562828064,8.607059121131897
645,mleko,sok,1.43,7.0,0.6223006248474121,8.074109554290771
646,pudełko,cygaro,0.0,5.43,0.44274675846099854,7.20553919672966
647,apartament,hotel,2.0,6.71,0.5833320617675781,7.899300158023834
648,filiżanka,rożek,0.0,0.86,0.28621387481689453,6.316808611154556
649,koń,wół,1.57,7.57,0.5688134431838989,7.83222883939743
650,gardło,nos,0.57,7.29,0.550613284111023,7.746662497520447
651,kość,ząb,2.0,5.43,0.539716899394989,7.694641053676605
652,kość,łokieć,0.57,6.43,0.4103713035583496,7.031773328781128
653,bekon,fasola,0.57,4.43,0.49376988410949707,7.4687521159648895
654,kubek,słoik,2.43,5.0,0.5826861262321472,7.896338105201721
655,dowód,fakt,4.29,7.29,0.4233964681625366,7.10231214761734
656,spotkanie,zobowiązanie,0.71,2.71,0.19050943851470947,5.713085979223251
657,urodziny,rok,0.86,5.14,0.25531482696533203,6.126897111535072
658,słowo,wskazówka,0.57,4.43,0.17629456520080566,5.619509853422642
659,autor,twórca,8.29,9.43,0.7242681384086609,8.49560022354126
660,atom,węgiel,1.86,7.29,0.42991840839385986,7.137313336133957
661,arcybiskup,biskup,4.86,9.0,0.9806918501853943,9.325797855854034
662,litera,akapit,1.29,5.57,0.44486820697784424,7.2167423367500305
663,strona,akapit,1.71,6.43,0.237870454788208,6.01757250726223
664,wieża,kaplica,1.14,4.14,0.49267578125,7.463245391845703
665,mięsień,kość,0.29,5.71,0.5070368051528931,7.535060346126556
666,mięsień,język,2.71,7.29,0.18046236038208008,5.647051185369492
667,chłopiec,żołnierz,1.29,4.57,0.29385435581207275,6.363031268119812
668,brzuch,podbrzusze,5.14,8.29,0.8029659986495972,8.785359263420105
669,chłopak,dziewczyna,1.71,8.29,0.9890552759170532,9.34733897447586
670,łóżko,krzesło,1.43,6.86,0.6028991937637329,7.98802524805069
671,ubranie,kurtka,3.29,8.14,0.7962056994438171,8.761684000492096
672,pistolet,nóż,0.86,5.57,0.4888194799423218,7.44378536939621
673,puszka,metal,0.43,7.57,0.2757469415664673,6.2530116736888885
674,butelka,pojemnik,3.0,6.71,0.5326167345046997,7.660423815250397
675,kura,indyk,2.14,7.71,0.6600887179374695,8.236372768878937
676,mięso,chleb,0.43,5.86,0.5102890133857727,7.551180422306061
677,ramię,kość,0.57,5.86,0.2897827625274658,6.338435858488083
678,szyja,kręgosłup,2.71,7.43,0.45437896251678467,7.266692072153091
679,jabłko,cytryna,1.71,7.43,0.5611302256584167,7.796309292316437
680,udręka,żal,2.71,5.86,0.4038764238357544,6.996283084154129
681,przydział,zadanie,3.43,6.14,0.26888465881347656,6.210887581110001
682,noc,świt,0.43,7.57,0.45939648151397705,7.292861193418503
683,obiad,zupa,2.29,7.43,0.6691983342170715,8.274421095848083
684,cielak,byk,4.71,7.86,0.43109357357025146,7.143597602844238
685,śnieg,burza,0.29,5.29,0.3522289991378784,6.706554442644119
686,paznokieć,dłoń,1.14,6.86,0.48948442935943604,7.447146028280258
687,pies,koń,0.86,7.57,0.4966402053833008,7.483173459768295
688,ramię,szyja,0.29,6.86,0.44259464740753174,7.204734683036804
689,piłka,rękawica,0.14,4.86,0.3011268377304077,6.406757980585098
690,grypa,gorączka,0.29,8.29,0.5584170818328857,7.783553898334503
691,opłata,pensja,2.14,4.86,0.40563738346099854,7.0059263706207275
692,nerw,mózg,0.86,8.14,0.46432220935821533,7.3184289038181305
693,bestia,zwierzę,4.14,5.43,0.4267944097518921,7.12057501077652
694,obiad,kurczak,0.57,5.86,0.4297664165496826,7.136500328779221
695,dziewczyna,pokojówka,2.71,5.0,0.49218523502349854,7.460773140192032
696,dziecko,chłopiec,5.14,8.71,0.552510142326355,7.755657434463501
697,alkohol,wino,4.0,9.14,0.4421459436416626,7.202361822128296
698,nos,usta,1.14,6.29,0.37241506576538086,6.82138055562973
699,ulica,samochód,0.0,7.29,0.24473440647125244,6.060770750045776
700,dzwonek,drzwi,0.0,6.71,0.4021115303039551,6.986602395772934
701,pudełko,kapelusz,0.0,3.43,0.36846160888671875,6.799052506685257
702,wiara,wrażenie,0.86,2.57,0.19926941394805908,5.77024944126606
703,uprzedzenie,opinia,2.43,6.57,0.2516791820526123,6.104238331317902
704,uwaga,świadomość,3.43,6.0,0.28341758251190186,6.299818307161331
705,złość,nastrój,2.86,6.57,0.3772389888763428,6.848519444465637
706,elegancja,styl,5.86,8.14,0.35825562477111816,6.741049587726593
707,piękno,wiek,0.14,2.57,0.1926950216293335,5.727384462952614
708,książka,motyw,0.0,3.0,0.28022027015686035,6.28034308552742
709,przyjaciółka,matka,1.43,5.0,0.4968588352203369,7.484269738197327
710,witamina,żelazo,1.29,5.0,0.5093145370483398,7.546356022357941
711,samochód,fabryka,0.0,6.71,0.356189489364624,6.729243695735931
712,pakt,warunek,2.57,6.14,0.2705557346343994,6.2211670726537704
713,rozdział,wybór,0.0,0.57,0.2365419864654541,6.009184420108795
714,arytmetyka,rytm,0.0,0.14,0.2569155693054199,6.136852353811264
715,zwycięzca,obecność,0.0,0.0,0.191703200340271,5.720898658037186
716,wiara,kwiat,0.0,0.43,0.18268704414367676,5.661716908216476
717,zwycięzca,cel,0.0,5.14,0.2307906150817871,5.972768217325211
718,sztuczka,rozmiar,0.0,0.0,0.1518845558166504,5.4564619436860085
719,wybór,styl,0.0,1.43,0.21457135677337646,5.869182869791985
720,hymn,podbój,0.0,1.29,0.23562300205230713,6.003376841545105
721,wytrzymałość,zespół,0.0,0.0,0.1598360538482666,5.5099015682935715
722,więzienie,wybór,0.0,1.29,0.16431927680969238,5.539892539381981
723,warunek,chłopiec,0.0,0.0,0.1824038028717041,5.659850537776947
724,kwiat,wytrzymałość,0.0,0.86,0.14737844467163086,5.426037050783634
725,luka,porozumienie,0.0,0.57,0.15890204906463623,5.503640733659267
726,doktor,usposobienie,0.0,0.29,0.2135486602783203,5.862607359886169
727,bractwo,drzwi,0.0,0.0,0.1666886806488037,5.555702447891235
728,zadanie,kobieta,0.0,1.29,0.18564987182617188,5.681209117174149
729,bractwo,baseball,0.0,0.43,0.20307767391204834,5.794981196522713
730,cent,rozmiar,0.0,0.43,0.23350238800048828,5.989959388971329
731,obecność,drzwi,0.0,0.14,0.20115315914154053,5.782492458820343
732,mysz,zarząd,0.0,0.0,0.1332489252090454,5.329978913068771
733,zadanie,autostrada,0.0,0.0,0.16149795055389404,5.521031245589256
734,trunek,wiek,0.0,1.86,0.19432532787322998,5.738034099340439
735,zadanie,słoma,0.0,0.0,0.11871206760406494,5.230108592659235
736,wyspa,zadanie,0.0,0.0,0.22146642208099365,5.913380458950996
737,noc,rozdział,0.0,0.0,0.27220046520233154,6.231270506978035
738,zanieczyszczenie,prezydent,0.0,0.14,0.1293811798095703,5.303509719669819
739,pistolet,sztuczka,0.0,0.71,0.1969672441482544,5.755264461040497
740,kąpiel,sztuczka,0.0,0.14,0.22293686866760254,5.922774523496628
741,dieta,jabłko,0.57,3.86,0.30100584030151367,6.406032890081406
742,cent,żona,0.0,0.0,0.121681809425354,5.250596888363361
743,rozdział,opowieść,1.86,5.43,0.33854246139526367,6.627541333436966
744,danie,żołądek,0.14,4.86,0.30087506771087646,6.405248790979385
745,hymn,słoma,0.0,0.0,0.10585606098175049,5.140906032174826
746,dentysta,pułkownik,0.14,1.86,0.22525513172149658,5.937564000487328
747,żona,słoma,0.0,0.0,0.12578272819519043,5.278816483914852
748,dziura,żona,0.0,0.0,0.1077951192855835,5.154414381831884
749,uczeń,prezydent,0.14,0.29,0.25731754302978516,6.139350980520248
750,kąpiel,żona,0.0,0.43,0.21675431728363037,5.883200988173485
751,ludzie,cent,0.0,1.29,0.1328034308133177,5.326933708388593
752,wzór,logarytm,1.86,5.29,0.36748743057250977,6.793538480997086
753,kobieta,futro,0.0,2.71,0.23870158195495605,6.022815406322479
754,jabłko,słońce,0.0,2.0,0.30007612705230713,6.400456726551056
755,pistolet,świt,0.0,0.86,0.15584516525268555,5.483119711279869
756,posiłek,talia,0.0,1.57,0.190018892288208,5.709872841835022
757,aparat,prezydent,0.0,0.29,0.18512237071990967,5.67774198949337
758,trunek,grupa,0.0,0.0,0.12531280517578125,5.275587122887373
759,żołądek,żyła,0.29,2.0,0.41644883155822754,7.064792513847351
760,pistolet,futro,0.0,0.0,0.2773059606552124,6.262548565864563
761,trener,baseball,0.14,5.86,0.31937873363494873,6.515333503484726
762,robotnik,kamera,0.0,0.29,0.1509495973587036,5.450157783925533
763,pokład,mysz,0.0,1.43,0.17220795154571533,5.592420697212219
764,ryż,chłopiec,0.0,0.14,0.21526837348937988,5.873662158846855
765,ludzie,pistolet,0.0,1.0,0.16113440198918094,5.518597448382994
766,klif,ogon,0.0,0.0,0.22144591808319092,5.913248807191849
767,kostka,okno,0.0,0.0,0.2642843723297119,6.182517036795616
768,księżniczka,wyspa,0.0,0.0,0.23931491374969482,6.026683002710342
769,pojemnik,mysz,0.0,0.14,0.20322346687316895,5.795926451683044
770,wóz,kontener,0.57,2.29,0.41908586025238037,7.0790621638298035
771,ludzie,balon,0.0,1.0,0.1848767508272653,5.67612713380375
772,dolar,ludzie,0.0,1.29,0.22102862657847933,5.910580325102737
773,kąpiel,balon,0.0,0.0,0.2438269853591919,6.055073216557503
774,żołądek,sypialnia,0.0,0.0,0.23606455326080322,6.0061682760715485
775,rower,sypialnia,0.0,0.14,0.2613692283630371,6.164484918117523
776,kloc,kąpiel,0.0,0.0,0.17618513107299805,5.618785806000233
777,miska,ogon,0.0,0.57,0.3884516954421997,6.91115140914917
778,iść,przyjść,5.29,8.57,0.379253625869751,6.859818696975708
779,wziąć,ukraść,3.43,6.86,0.19993579387664795,5.774582698941231
780,słuchać,słyszeć,6.43,9.0,0.5431705117225647,7.711193561553955
781,myśleć,racjonalizować,4.0,7.57,0.34324634075164795,6.6548024117946625
782,wystąpić,nastąpić,3.57,6.14,0.3810204267501831,6.8697115778923035
783,zanikać,znikać,7.14,8.71,0.5654808878898621,7.816685140132904
784,mnożyć,dzielić,1.29,7.0,0.29971277713775635,6.398276835680008
785,nalegać,błagać,5.43,7.29,0.48443877696990967,7.421588748693466
786,zacząć,zapoczątkować,8.14,9.0,0.3984891176223755,6.966684460639954
787,chronić,bronić,7.0,8.57,0.39896607398986816,6.969311088323593
788,zabić,zniszczyć,4.0,6.71,0.5068091750144958,7.533930242061615
789,stworzyć,zrobić,7.43,8.43,0.3795506954193115,6.861483305692673
790,akceptować,odrzucić,1.0,7.0,0.3822016716003418,6.876317411661148
791,ignorować,unikać,4.86,5.71,0.38561081886291504,6.895341873168945
792,nieść,przynieść,5.71,7.86,0.4124370813369751,7.043017894029617
793,wyjść,wejść,1.0,6.86,0.4283559322357178,7.128947228193283
794,decydować,wybrać,5.43,7.71,0.31051576137542725,6.462818086147308
795,przegrać,zawieść,3.0,6.0,0.3399190902709961,6.635530591011047
796,zachęcić,zniechęcić,0.57,7.0,0.6606826186180115,8.238866031169891
797,osiągnąć,spełnić,3.86,6.86,0.30482912063598633,6.428916752338409
798,stworzyć,skonstruować,7.43,8.43,0.504368782043457,7.521796226501465
799,słuchać,przestrzegać,2.57,4.57,0.26283133029937744,6.173534542322159
800,poinformować,zawiadomić,9.0,9.57,0.5980556011199951,7.966240644454956
801,otrzymywać,dać,1.0,6.57,0.3707364797592163,6.811909973621368
802,pożyczyć,błagać,0.86,2.86,0.28752171993255615,6.324741542339325
803,wziąć,otrzymać,2.43,5.86,0.3718031644821167,6.817929893732071
804,poradzić,polecić,5.57,7.57,0.2666972875595093,6.197410747408867
805,imitować,portretować,1.57,4.57,0.32861924171447754,6.569667756557465
806,zwyciężyć,osiągnąć,3.57,6.14,0.42091572284698486,7.088942974805832
807,myśleć,decydować,1.86,5.29,0.3365079164505005,6.615715473890305
808,przywitać,spotkać,1.0,4.86,0.33511674404144287,6.607617735862732
809,uzgadniać,dyskutować,3.29,6.14,0.46446216106414795,7.319153249263763
810,lubić,bawić,0.0,3.57,0.47396016120910645,7.36810564994812
811,niszczyć,robić,0.71,4.86,0.2645847797393799,6.184372901916504
812,ratować,chronić,5.29,7.57,0.30317914485931396,6.419050097465515
813,dawać,pożyczać,3.0,6.0,0.23929190635681152,6.026536896824837
814,pojmować,rozumieć,6.86,8.86,0.7458386421203613,8.578101694583893
815,brać,otrzymywać,3.29,6.29,0.3349374532699585,6.606573760509491
816,akceptować,uznawać,7.14,8.57,0.4375290870666504,7.177889049053192
817,decydować,wybierać,5.14,7.14,0.4149879217147827,7.056872397661209
818,akceptować,wierzyć,0.14,2.71,0.3169686794281006,6.50109201669693
819,trzymać,posiadać,4.86,6.71,0.29889988899230957,6.393396854400635
820,wędrować,błądzić,3.57,6.0,0.4316704273223877,7.146680057048798
821,wygrywać,przegrywać,1.0,6.71,0.8963077664375305,9.088889360427856
822,wydawać,oszczędzać,1.0,6.71,0.19676506519317627,5.753946378827095
823,wyjść,pójść,2.57,6.0,0.421328067779541,7.0911672711372375
824,przyjść,uczestniczyć,1.71,4.43,0.2818089723587036,6.290026605129242
825,wiedzieć,wierzyć,1.71,6.0,0.4251922369003296,7.111971080303192
826,gromadzić,spotykać,2.57,3.0,0.27860569953918457,6.270489543676376
827,robić,zarobić,0.71,3.57,0.3118506669998169,6.470752656459808
828,zapominać,ignorować,0.71,2.43,0.4680241346359253,7.337564527988434
829,mnożyć,dodawać,0.86,6.71,0.3753173351287842,6.837722212076187
830,maleć,rosnąć,0.86,6.71,0.6125707626342773,8.031173348426819
831,przyjeżdżać,wyjeżdżać,1.0,6.71,0.7731842398643494,8.679346740245819
832,osiągnąć,próbować,0.71,5.57,0.25311195850372314,6.113175675272942
833,akceptować,zaprzeczać,0.86,5.14,0.42470407485961914,7.1093471348285675
834,przybywać,przyjeżdżać,7.86,8.86,0.6755164265632629,8.300567269325256
835,uzgadniać,różnić,0.71,5.71,0.2577618360519409,6.142110452055931
836,wysyłać,otrzymywać,0.71,5.29,0.43177151679992676,7.1472205221652985
837,zwyciężać,dominować,3.14,6.14,0.30934083461761475,6.455826759338379
838,dodawać,dzielić,0.71,6.29,0.23554742336273193,6.002899780869484
839,zabić,udusić,5.14,7.71,0.5419700741767883,7.705446779727936
840,nabyć,dostać,2.71,6.14,0.284747838973999,6.307905614376068
841,uczestniczyć,dołączyć,2.14,5.0,0.42556607723236084,7.113979309797287
842,odejść,pozostać,0.86,6.57,0.5115048289299011,7.557193636894226
843,iść,wejść,2.14,5.86,0.2454826831817627,6.065465435385704
844,wziąć,nieść,0.86,4.71,0.23055613040924072,5.971280112862587
845,zapomnieć,poznawać,0.57,5.0,0.2811698913574219,6.2861329317092896
846,mianować,wybrać,4.14,6.57,0.5353087782859802,7.673427164554596
847,zaręczyć,poślubić,3.43,7.57,0.7423493266105652,8.56491357088089
848,prosić,nalegać,6.86,8.43,0.5098071098327637,7.5487953424453735
849,iść,posyłać,0.43,3.71,0.3638561964035034,6.772943735122681
850,wziąć,dostarczać,0.57,4.43,0.17918682098388672,5.638631582260132
851,mówić,słyszeć,0.29,6.86,0.39974701404571533,6.973608881235123
852,analizować,oceniać,3.14,5.14,0.4889582395553589,7.444486320018768
853,argumentować,racjonalizować,4.0,5.0,0.39223408699035645,6.9321368634700775
854,stracić,zatrzymać,0.71,5.29,0.35371434688568115,6.715072989463806
855,porównywać,analizować,5.86,7.86,0.5558449029922485,7.771428227424622
856,dezorganizować,organizować,0.86,6.86,0.3052990436553955,6.43172413110733
857,iść,pozwalać,0.29,1.43,0.2467944622039795,6.07368990778923
858,wziąć,posiąść,5.14,6.43,0.14776718616485596,5.428666360676289
859,poznawać,słuchać,1.14,3.71,0.3324180841445923,6.591880917549133
860,burzyć,budować,0.71,6.43,0.4071263074874878,7.014067471027374
861,tworzyć,budować,5.86,8.14,0.5375394225120544,7.684173882007599
862,kraść,kupować,0.57,5.86,0.4459540843963623,7.222468554973602
863,zabić,powiesić,4.86,6.86,0.44159984588623047,7.199472486972809
864,zapomnieć,wiedzieć,0.57,5.57,0.3981670141220093,6.964910477399826
865,tworzyć,wymyślać,5.86,7.71,0.2570887804031372,6.137929186224937
866,zrobić,nastąpić,1.57,1.86,0.2606329917907715,6.159923747181892
867,wygrać,osiągnąć,4.29,6.29,0.43461477756500244,7.162385880947113
868,dawać,odmawiać,0.57,5.43,0.2039332389831543,5.800527259707451
869,zasłużyć,zarobić,2.57,4.29,0.287375807762146,6.323856711387634
870,dostawać,wkładać,0.14,1.71,0.3885711431503296,6.911815106868744
871,zlokalizować,znaleźć,8.14,9.29,0.3477966785430908,6.6810691356658936
872,zawitać,przyjść,6.14,7.57,0.4877053499221802,7.438149154186249
873,wiedzieć,rozumieć,5.57,7.14,0.4938303232192993,7.469056397676468
874,udawać,wyobrażać,1.71,4.14,0.2937591075897217,6.362458020448685
875,satysfakcjonować,zadowalać,8.86,9.57,0.825996994972229,8.864299952983856
876,hołubić,trzymać,2.43,4.43,0.29823267459869385,6.389388144016266
877,dyskutować,różnić,1.57,4.86,0.21945548057556152,5.900514051318169
878,przezwyciężyć,zdominować,1.86,4.0,0.3505054712295532,6.69665664434433
879,postępować,przestrzegać,1.0,4.0,0.40948235988616943,7.026928067207336
880,współpracować,uczestniczyć,2.0,5.0,0.438352108001709,7.1822598576545715
881,osiągać,próbować,1.29,4.43,0.2021268606185913,5.788813382387161
882,przegrać,zniechęcić,1.0,4.57,0.2481696605682373,6.0823022574186325
883,zacząć,porzucić,0.43,5.71,0.342864990234375,6.652596890926361
884,mówić,uczestniczyć,0.86,3.43,0.26928389072418213,6.213345006108284
885,przyjść,przynieść,0.71,3.57,0.4240366220474243,7.10575744509697
886,deklarować,ogłaszać,6.71,8.0,0.336320161819458,6.6146233677864075
887,czytać,rozumieć,0.29,4.29,0.397152304649353,6.959317326545715
888,wziąć,opuścić,0.29,3.57,0.39708077907562256,6.958923041820526
889,obwieszczać,ogłaszać,9.29,9.71,0.5757384896278381,7.864351570606232
890,zdobyć,otrzymać,3.29,5.71,0.5553454160690308,7.769069671630859
891,wywnioskować,decydować,1.86,4.43,0.26078498363494873,6.160865351557732
892,prosić,błagać,7.57,8.57,0.5737087726593018,7.854962050914764
893,argumentować,udowadniać,7.29,8.29,0.5388672947883606,7.690559923648834
894,prosić,apelować,7.0,8.29,0.49125218391418457,7.456069737672806
895,znaleźć,zniknąć,0.29,5.0,0.31376850605010986,6.482137143611908
896,sprawdzać,badać,5.29,7.43,0.443569540977478,7.209886610507965
897,weryfikować,uzasadniać,2.71,6.0,0.4014986753463745,6.983237266540527
898,zakładać,przewidywać,6.14,7.29,0.5591958165168762,7.787219285964966
899,poznawać,oceniać,1.29,4.43,0.24688589572906494,6.074263006448746
900,argumentować,uzasadniać,8.86,9.57,0.7091705799102783,8.436472415924072
901,zrobić,zostać,0.29,0.29,0.2655339241027832,6.190234422683716
902,odkrywać,pochodzić,0.0,0.57,0.14459097385406494,5.407165996730328
903,zwyciężyć,dokonać,3.14,6.43,0.28824400901794434,6.32911816239357
904,dać,położyć,0.71,3.43,0.17837071418762207,5.633239671587944
905,rozumieć,słuchać,0.57,4.43,0.3175992965698242,6.504821926355362
906,rozwijać,rosnąć,3.14,5.14,0.48770248889923096,7.438134253025055
907,pożyczać,sprzedawać,1.43,4.29,0.4018998146057129,6.985439956188202
908,trzymać,chronić,1.71,3.71,0.27663588523864746,6.258450448513031
909,wyjaśniać,udowadniać,5.43,6.86,0.4361926317214966,7.170784622430801
910,założyć,udawać,0.0,2.57,0.205560564994812,5.811066627502441
911,zgadzać,zadowalać,0.0,0.86,0.4274771213531494,7.124236971139908
912,wybaczyć,zapomnieć,3.14,4.57,0.5034478306770325,7.5172096490859985
913,wyjaśniać,tłumaczyć,9.29,9.71,0.7914827466011047,8.745008707046509
914,zrozumieć,wybaczyć,1.14,4.29,0.5226036906242371,7.611741721630096
915,przypomnieć,zapomnieć,1.0,7.0,0.5264406204223633,7.630455493927002
916,dostać,pozostać,0.0,0.86,0.406105637550354,7.008488178253174
917,zrozumieć,odkryć,1.71,3.86,0.265450119972229,6.189717054367065
918,wymagać,dociekać,0.0,1.71,0.12473499774932861,5.271615888923407
919,ignorować,pytać,0.14,2.0,0.3189697265625,6.512919217348099
920,myśleć,pytać,0.57,3.86,0.4634511470794678,7.313916087150574
921,odrzucać,unikać,1.29,4.57,0.30719423294067383,6.443036496639252
922,argumentować,przekonywać,7.29,8.57,0.8311197757720947,8.881498277187347
923,dążyć,przekonywać,2.0,3.86,0.35529136657714844,6.724105328321457
924,akceptować,wybaczać,1.86,4.71,0.35878705978393555,6.744083017110825
925,robić,rezygnować,0.0,0.86,0.3528101444244385,6.7098890244960785
926,przebadać,zbadać,7.43,8.0,0.7595230340957642,8.629234731197357
927,dyskutować,wyjaśniać,1.71,5.0,0.2943089008331299,6.365772932767868
928,zawdzięczać,pożyczać,1.14,2.86,0.2173600196838379,5.88708683848381
929,poszukiwać,odkrywać,2.43,6.71,0.476773738861084,7.382520288228989
930,narzekać,kwestionować,1.57,4.0,0.2817535400390625,6.2896884977817535
931,wycofywać,odrzucać,1.43,3.43,0.32185983657836914,6.529964506626129
932,trzymać,pożyczać,0.0,1.86,0.2931462526321411,6.358759850263596
933,upraszać,błagać,7.43,9.57,0.45278286933898926,7.258340567350388
934,aranżować,organizować,5.14,6.43,0.36776506900787354,6.795110255479813
935,zmniejszyć,kurczyć,7.43,8.57,0.46652305126190186,7.329813539981842
936,mówić,przyznawać,2.71,4.29,0.4272887706756592,7.123227119445801
937,dać,pożyczyć,3.71,6.29,0.18617892265319824,5.684685409069061
938,zabijać,bronić,0.0,4.57,0.32349133491516113,6.539568603038788
939,znikać,maleć,4.71,6.0,0.3905029296875,6.92254051566124
940,dostarczyć,przynieść,7.14,8.14,0.3420919179916382,6.6481223702430725
941,oddychać,dławić,0.43,5.43,0.3891265392303467,6.914899945259094
942,uznawać,powiadamiać,0.0,1.14,0.18852674961090088,5.700094923377037
943,zostawać,wyglądać,0.0,0.29,0.18625271320343018,5.685170143842697
944,udawać,wyglądać,0.43,2.0,0.22507190704345703,5.936396047472954
945,osiągać,zostawać,2.29,2.0,0.24405276775360107,6.056491211056709
946,kontemplować,myśleć,6.71,7.86,0.3371148109436035,6.619245558977127
947,określić,przewidzieć,2.57,5.0,0.43460404872894287,7.1623289585113525
948,dogadzać,zabawiać,3.29,4.57,0.4695577621459961,7.345471829175949
949,pozostawać,utrzymywać,1.71,3.14,0.454700231552124,7.26837158203125
950,udawać,grać,5.14,5.0,0.26184844970703125,6.167451739311218
951,zapominać,utrzymywać,0.0,0.29,0.22662615776062012,5.946297869086266
952,chcieć,wybierać,1.14,3.86,0.24473154544830322,6.060752794146538
953,stracić,dostać,0.86,6.0,0.4557596445083618,7.273905426263809
954,próbować,myśleć,0.0,3.71,0.29413485527038574,6.3647231459617615
955,zostawać,pojawiać,0.0,1.86,0.42380452156066895,7.104508280754089
956,opuścić,zignorować,3.14,3.57,0.2634671926498413,6.177466586232185
957,akceptować,rekomendować,1.57,3.0,0.4244433641433716,7.107945382595062
958,opuścić,wędrować,0.57,2.43,0.35914289951324463,6.7461130023002625
959,zachować,oddać,0.86,4.71,0.270633339881897,6.221644505858421
960,dawać,pozwalać,1.86,3.57,0.5673247575759888,7.825292646884918
961,przynosić,wysyłać,0.86,4.14,0.3094397783279419,6.456415802240372
962,chłonąć,poznawać,5.71,6.43,0.3454890251159668,6.667761504650116
963,zdobyć,znaleźć,2.29,4.29,0.4027317762374878,6.990006119012833
964,opuścić,wyglądać,0.0,0.0,0.16000878810882568,5.511058643460274
965,tworzyć,niszczyć,0.71,6.71,0.29868268966674805,6.392091512680054
966,zaczynać,iść,0.0,0.29,0.3098175525665283,6.458664387464523
967,dostać,kupić,2.86,4.43,0.3795509338378906,6.861485093832016
968,zbierać,odkładać,5.86,7.29,0.3903992176055908,6.921965330839157
969,zastępować,przywrócić,0.43,2.43,0.36397242546081543,6.773603707551956
970,dołączać,dodawać,6.57,7.86,0.359155535697937,6.746184974908829
971,połączyć,poślubić,3.71,6.0,0.17853045463562012,5.634296014904976
972,przyjmować,dostarczać,0.43,4.14,0.32690274715423584,6.559607982635498
973,przyłączać,dołączać,8.43,9.29,0.544804036617279,7.719002068042755
974,położyć,powiesić,0.71,4.43,0.1665252447128296,5.554613284766674
975,iść,sprzedawać,0.0,0.14,0.24019432067871094,6.032224223017693
976,komunikować,modlić,0.29,1.0,0.2175377607345581,5.888226106762886
977,dawać,kraść,0.57,2.71,0.17622172832489014,5.619027726352215
978,dodawać,budować,0.43,2.14,0.2350020408630371,5.999450832605362
979,przynieść,odtworzyć,0.0,0.71,0.15927577018737793,5.506146177649498
980,zrozumieć,zaspokoić,0.0,1.57,0.3469306230545044,6.6760775446891785
981,przedstawiać,decydować,0.0,0.29,0.23029279708862305,5.969609841704369
982,organizować,zostawać,0.0,0.0,0.25463783740997314,6.12268291413784
983,dawać,wiedzieć,0.0,0.0,0.24004006385803223,6.031252220273018
984,mówić,weryfikować,0.0,0.86,0.27315735816955566,6.237142831087112
985,współpracować,dołączyć,0.0,2.57,0.4753077030181885,7.375014275312424
986,organizować,wymagać,0.43,2.14,0.19365942478179932,5.733685716986656
987,pożyczyć,chcieć,0.0,1.43,0.28934693336486816,6.335797607898712
988,badać,dążyć,0.57,3.0,0.2213611602783203,5.9127070009708405
989,ignorować,odkrywać,0.0,2.57,0.2624232769012451,6.171009391546249
990,wnosić,narzekać,0.0,0.29,0.19219696521759033,5.724128484725952
991,wchodzić,zawdzięczać,0.0,0.0,0.1843024492263794,5.672350153326988
992,przedstawiać,zawiadamiać,2.71,4.86,0.15773499011993408,5.495811924338341
993,przypominać,sprzedawać,0.0,0.0,0.24268662929534912,6.047907918691635
994,wchłaniać,posiadać,0.0,2.0,0.2256007194519043,5.939766392111778
995,dołączyć,zdobyć,0.43,2.29,0.3794513940811157,6.8609268963336945
996,wysyłać,uczestniczyć,0.0,0.86,0.3323124647140503,6.591264456510544
997,zbierać,uczestniczyć,0.0,0.71,0.2460155487060547,6.068807765841484
998,pochłonąć,wycofać,0.0,0.57,0.23012030124664307,5.968513861298561
999,uczestniczyć,przybyć,0.57,3.43,0.4213763475418091,7.091427594423294
