,word1,word2,similarity,relatedness,euclidean_metric,cosine_metric,wu_palmer,leacock_chodorow
0,stary,nowy,0.43,7.29,0.5278764367103577,7.6374393701553345,0.3333333333333333,1.2041199826559248
1,bystry,inteligentny,8.86,9.71,0.30740106105804443,6.4442694187164316,0.75,1.505149978319906
2,ciężki,trudny,4.86,7.29,0.4583336114883423,7.287328392267227,0.2857142857142857,1.1072099696478683
3,szczęśliwy,radosny,8.14,8.86,0.5081049203872681,7.540360689163207,0.25,1.0280287236002434
4,łatwy,męczący,0.43,6.43,0.4884016513824463,7.441671937704086,0.18181818181818185,1.0280287236002434
5,szybki,gwałtowny,3.71,7.0,0.448948860168457,7.238228917121887,0.25,1.2041199826559248
6,szczęśliwy,zadowolony,6.29,8.14,0.5245218276977539,7.621106207370758,0.2857142857142857,1.1072099696478683
7,krótki,długi,0.43,7.43,0.9347999095916748,9.201372265815737,0.5,1.505149978319906
8,głupi,tępy,7.57,9.14,0.5048172473907471,7.524028420448303,0.2857142857142857,1.1072099696478683
9,dziwny,niesamowity,4.57,6.14,0.4983288049697876,7.491637170314789,0.5714285714285714,1.505149978319906
10,szeroki,wąski,0.43,7.43,0.7737792730331421,8.681508600711823,0.4,1.3290587192642247
11,zły,okropny,6.57,8.29,0.4778499603271485,7.388022840023041,0.2857142857142857,1.1072099696478683
12,łatwy,uciążliwy,0.14,4.43,0.41587865352630615,7.061702162027358,0.2,1.1072099696478683
13,zły,straszny,6.29,8.29,0.4030150175094605,6.991559863090515,0.2857142857142857,1.1072099696478683
14,skomplikowany,prosty,0.14,6.14,0.5077243447303772,7.5384721159935,0.25,1.0280287236002434
15,bystry,tępy,0.14,6.43,0.2419964075088501,6.043567210435867,0.2857142857142857,1.1072099696478683
16,obłąkany,zwariowany,7.29,8.29,0.4039468765258789,6.99666902422905,0.3333333333333333,1.2041199826559248
17,szczęśliwy,wściekły,0.14,5.29,0.3415088653564453,6.6447462141513824,0.2222222222222222,0.9610819339696304
18,wielki,olbrzymi,9.14,9.57,0.5158131122589111,7.578440606594086,0.5,1.505149978319906
19,twardy,ciężki,1.86,5.57,0.31003284454345703,6.45994633436203,0.4,1.3290587192642247
20,nowy,świeży,6.43,8.57,0.2577477693557739,6.142023354768753,0.3333333333333333,1.2041199826559248
21,ostry,tępy,0.43,7.43,0.3463988304138184,6.6730108857154855,0.2857142857142857,1.1072099696478683
22,prędki,gwałtowny,4.29,6.43,0.2691696882247925,6.212641820311546,0.2222222222222222,1.1072099696478683
23,tępy,głupawy,8.29,8.71,0.4672050476074219,7.3333366215229026,0.4,1.3290587192642247
24,cudowny,wspaniały,9.14,9.86,0.5346248745918274,7.67012745141983,0.25,1.2041199826559248
25,dziwaczny,osobliwy,8.29,8.71,0.6108303070068359,8.023442924022675,0.8571428571428571,1.8061799739838869
26,szczęśliwy,zły,0.14,5.57,0.340643048286438,6.639728993177414,0.2222222222222222,0.9610819339696304
27,wąski,rozległy,0.43,6.86,0.4961546659469605,7.48073622584343,0.3333333333333333,1.2041199826559248
28,prosty,łatwy,8.86,9.0,0.5020212531089783,7.510096132755279,0.25,1.0280287236002434
29,stary,świeży,0.14,5.71,0.22725725173950195,5.950315371155739,0.3333333333333333,1.2041199826559248
30,widoczny,oczywisty,7.0,7.29,0.2930166721343994,6.357978284358977,0.25,1.0280287236002434
31,niedrogi,tani,8.71,9.43,0.7839210629463196,8.718078136444094,0.25,1.2041199826559248
32,miły,wielkoduszny,3.0,5.14,0.3853069543838501,6.893648207187653,0.2,1.0280287236002434
33,dziwny,normalny,0.43,7.43,0.3032954931259155,6.419745683670044,0.25,1.1072099696478683
34,dziwny,osobliwy,8.71,8.86,0.5687140822410583,7.831766605377197,1.0,2.0
35,zły,niemoralny,5.86,8.29,0.4167234897613525,7.066280543804169,0.3636363636363637,0.9610819339696304
36,smutny,zabawny,0.43,5.57,0.5402593016624451,7.697244584560393,0.5,1.505149978319906
37,wspaniały,świetny,9.14,9.14,0.7422136664390564,8.564399778842926,0.5,1.2041199826559248
38,winny,zawstydzony,0.57,4.43,0.2811952829360962,6.286287754774094,0.3333333333333333,1.2041199826559248
39,piękny,wspaniały,6.43,8.14,0.6253368854522705,8.087411224842073,0.4,1.0280287236002434
40,przeświadczony,pewny,7.29,7.86,0.4631665945053101,7.312441319227219,0.3333333333333333,1.2041199826559248
41,głupol,tępy,7.43,8.14,0.4512008428573608,7.25005030632019,0.2222222222222222,0.9610819339696304
42,wielki,duży,8.71,9.0,0.6553226709365845,8.216300904750824,0.5,1.505149978319906
43,miły,okrutny,0.43,5.86,0.30808937549591064,6.4483726024627686,0.18181818181818185,0.9610819339696304
44,niecierpliwy,niespokojny,4.71,6.57,0.4889870882034302,7.44463250041008,0.4,1.3290587192642247
45,duży,szeroki,4.86,7.86,0.4704487323760986,7.350060790777206,0.5,1.505149978319906
46,silny,dumny,0.43,2.71,0.2109677791595459,5.845990031957626,0.3333333333333333,1.2041199826559248
47,niepotrzebny,potrzebny,0.43,7.43,0.4635375738143921,7.314364314079285,0.5,1.505149978319906
48,niespokojny,młody,0.43,2.71,0.2884681224822998,6.330476552248001,0.5,1.505149978319906
49,głupi,inteligentny,0.43,7.29,0.4169729948043823,7.067631483078003,0.2857142857142857,1.1072099696478683
50,zły,świetny,0.29,5.57,0.42491447925567627,7.110477685928345,0.2857142857142857,1.1072099696478683
51,trudny,prosty,0.14,6.29,0.3662096261978149,6.786298751831055,0.2222222222222222,0.9610819339696304
52,potrzebny,ważny,6.86,7.43,0.40758466720581055,7.016571760177612,0.25,1.2041199826559248
53,zły,niesamowity,0.29,3.86,0.2898588180541992,6.338896006345749,0.25,1.0280287236002434
54,szalony,zadowolony,0.29,2.71,0.21100318431854248,5.846217572689056,0.4,1.3290587192642247
55,uczciwy,winny,0.43,3.43,0.331282377243042,6.585247963666916,0.3333333333333333,1.2041199826559248
56,łatwy,trudny,0.14,6.86,0.668691098690033,8.27231377363205,0.2222222222222222,1.0280287236002434
57,łatwy,elastyczny,1.57,2.29,0.3493155241012573,6.68981283903122,0.3333333333333333,1.2041199826559248
58,niewątpliwy,pewny,7.43,8.0,0.4117318391799927,7.0391811430454245,0.25,1.0280287236002434
59,istotny,potrzebny,7.43,8.29,0.4505099058151245,7.2464266419410714,0.5,1.505149978319906
60,inny,normalny,0.43,6.29,0.2319694757461548,5.980246886610985,0.2857142857142857,1.2041199826559248
61,chytry,mądry,2.14,4.57,0.42148613929748535,7.092019319534303,0.3333333333333333,1.2041199826559248
62,istotny,ważny,9.43,9.57,0.7493517398834229,8.591318130493164,0.25,1.2041199826559248
63,przykry,okrutny,4.0,5.71,0.43630993366241455,7.171408832073213,0.3636363636363637,1.0280287236002434
64,dziecinny,głupi,4.86,6.71,0.4783933162689209,7.390799671411513,0.25,1.0280287236002434
65,unikatowy,rzadki,9.0,9.0,0.4793145656585693,7.395502924919128,0.3333333333333333,1.2041199826559248
66,przyjacielski,hojny,1.0,5.0,0.3436576128005981,6.6571807861328125,0.2,0.9030899869919436
67,delikatny,nieczuły,0.43,4.57,0.39237236976623535,6.9329023361206055,0.3333333333333333,1.2041199826559248
68,długi,wąski,0.29,5.57,0.5178467631340027,7.588437497615813,0.4,1.3290587192642247
69,duży,ciężki,0.71,5.43,0.3592550754547119,6.746752560138702,0.5,1.505149978319906
70,szorstki,chłodny,3.86,5.71,0.391592025756836,6.928579211235046,0.2857142857142857,1.1072099696478683
71,dziwaczny,dziwny,9.29,9.29,0.6458610892295837,8.176117241382599,0.8571428571428571,1.8061799739838869
72,nielegalny,niemoralny,0.71,4.0,0.4039872884750366,6.99689120054245,0.2222222222222222,0.9610819339696304
73,zły,winny,2.0,4.29,0.314622163772583,6.4871980249881736,0.3333333333333333,1.2041199826559248
74,nowoczesny,starożytny,0.14,6.43,0.3178281784057617,6.506174355745316,0.4,1.3290587192642247
75,nowy,starożytny,0.14,6.0,0.24265015125274655,6.0476789623498926,0.4,1.3290587192642247
76,nudny,zabawny,0.14,5.86,0.5368819236755371,7.6810094714164725,0.3333333333333333,1.2041199826559248
77,szczęśliwy,młody,0.0,3.43,0.2745548486709595,6.245711073279381,0.2857142857142857,1.1072099696478683
78,łatwy,duży,0.29,0.29,0.3036830425262451,6.422064900398254,0.3333333333333333,1.2041199826559248
79,wspaniały,okropny,0.29,5.86,0.4027532339096069,6.9901242852211,0.25,1.1072099696478683
80,malutki,ogromny,0.14,6.71,0.26648426055908203,6.196096986532211,0.5,1.505149978319906
81,uprzejmy,odpowiedni,1.0,2.43,0.1916567087173462,5.720594599843025,0.2222222222222222,1.0280287236002434
82,skromny,zawstydzony,1.86,3.71,0.2527297735214233,6.1107926815748215,0.2857142857142857,1.1072099696478683
83,egzotyczny,rzadki,5.43,7.29,0.4037379026412964,6.995522975921631,0.4,1.3290587192642247
84,głupi,mądry,0.29,6.71,0.6419336199760437,8.1593057513237,0.3333333333333333,1.2041199826559248
85,zachwycający,cudowny,9.0,9.71,0.4860498905181885,7.429763227701187,0.25,1.2041199826559248
86,zauważalny,oczywisty,5.43,7.57,0.3919457197189331,6.930539309978485,0.2857142857142857,1.3290587192642247
87,przestraszony,zalękniony,8.86,9.14,0.2984408598010309,6.390639142351858,1.0,2.0
88,formalny,właściwy,1.71,3.29,0.2908110618591309,6.344655752182008,0.2857142857142857,1.1072099696478683
89,ponury,nudny,0.57,3.14,0.4486430883407593,7.2366221249103555,0.2857142857142857,1.1072099696478683
90,zachwycający,wesoły,0.57,2.57,0.30350661277771,6.4210084080696115,0.5,1.2041199826559248
91,nieszczęśliwy,szalony,0.43,4.43,0.3250851631164551,6.54893770813942,0.3333333333333333,1.2041199826559248
92,smutny,straszny,0.43,1.57,0.5140030384063721,7.5695252418518075,0.4,1.3290587192642247
93,chory,zwariowany,2.14,4.43,0.19774210453033447,5.760310962796211,0.4,1.3290587192642247
94,gwałtowny,gniewny,4.57,6.29,0.2781001329421997,6.267401725053787,0.2,1.0280287236002434
95,obładowany,ciężki,2.29,5.57,0.28145912774852505,6.287895577391791,,
96,brudny,tani,0.0,1.43,0.23829495906829834,6.0202506929636,0.25,1.2041199826559248
97,elastyczny,giętki,9.29,9.29,0.5626112818717957,7.803255915641785,1.0,2.0
98,twardy,gęsty,0.86,3.86,0.29379236698150635,6.362658441066742,0.4,1.3290587192642247
99,niedawny,nowy,6.86,8.57,0.2429986000061035,6.0498687624931335,,
100,śmiały,dumny,1.14,4.14,0.2985731363296509,6.391433775424957,0.6666666666666666,1.3290587192642247
101,dziwny,przebiegły,0.29,2.14,0.2575284242630005,6.140661090612412,0.2857142857142857,1.1072099696478683
102,dziwny,chytry,1.43,2.0,0.2974586486816406,6.384735852479935,0.2857142857142857,1.1072099696478683
103,głupi ,rzadki,0.0,0.0,0.1788902582912537,5.636672657117221,0.3333333333333333,1.2041199826559248
104,przebiegły,twardy,0.0,0.14,0.24819624423980716,6.082468032836914,0.2857142857142857,1.1072099696478683
105,niesamowity,szalony,1.71,3.43,0.4124224185943604,7.042937576770783,0.2857142857142857,1.3290587192642247
106,skromny,elastyczny,0.0,0.29,0.2576425075531006,6.141369789838791,0.4,1.3290587192642247
107,świeży,rozległy,0.0,0.0,0.3538113832473755,6.715628802776338,0.3333333333333333,1.2041199826559248
108,ogromny,głupi,0.0,0.0,0.1396390199661255,5.373545475304127,0.3333333333333333,1.2041199826559248
109,wielki,elastyczny,0.29,0.57,0.1234670877456665,5.262892190366983,0.5,1.505149978319906
110,brudny,wąski,0.0,0.86,0.27205705642700195,6.230390146374703,0.4,1.3290587192642247
111,żona,mąż,2.14,8.43,1.0144923031330109,9.410705864429476,0.6666666666666666,1.2041199826559248
112,książka,tekst,3.14,7.0,0.4049555063247681,7.0021937787532815,0.8,1.505149978319906
113,narzeczony,narzeczona,2.71,9.57,0.9296606183052064,9.18678253889084,0.5882352941176471,1.3290587192642247
114,noc,dzień,0.29,7.43,0.5288665294647217,7.642250061035156,0.3333333333333333,1.2041199826559248
115,południe,północ,0.29,7.43,1.1307667195796969,9.659166932106018,0.875,1.505149978319906
116,samolot,lotnisko,0.57,8.57,0.6469230055809021,8.180649280548097,0.375,1.0280287236002434
117,wuj,ciotka,2.43,9.29,0.7048707604408264,8.419423997402191,0.6153846153846154,1.2041199826559248
118,koń,klacz,4.29,9.14,0.7214633822441101,8.484702110290527,0.9411764705882352,1.8061799739838869
119,dno,wierzch,0.29,7.57,0.3197401762008667,6.517467200756072,0.2,1.1072099696478683
120,przyjaciel,kumpel,6.71,8.43,0.5215781331062317,7.606726884841919,0.8,1.3290587192642247
121,student,uczeń,7.57,8.71,0.5859758257865906,7.911399602890015,0.7272727272727273,1.505149978319906
122,świat,glob,7.14,9.0,0.4414945840835571,7.198915630578995,0.25,1.0280287236002434
123,noga,ramię,0.29,8.0,0.3683489561080933,6.798415035009384,0.18181818181818185,0.8519374645445623
124,samolot,odrzutowiec,6.71,9.57,0.8176581859588623,8.836024403572083,0.9473684210526316,1.8061799739838869
125,kobieta,mężczyzna,2.14,8.43,1.005084365606308,9.387646019458769,0.8333333333333334,1.505149978319906
126,koń,źrebak,7.57,9.29,0.6581662893295288,8.228290379047394,0.5714285714285714,1.2041199826559248
127,aktorka,aktor,2.43,9.29,0.9195663332939148,9.157741963863373,0.8333333333333334,1.505149978319906
128,nauczyciel,instruktor,7.29,9.0,0.4589911699295044,7.290751934051514,0.8,1.8061799739838869
129,film,kino,2.43,9.14,0.5767679214477539,7.869106829166412,0.42857142857142855,0.9610819339696304
130,ptak,jastrząb,5.0,8.86,0.37315309047698975,6.825539916753769,0.4444444444444444,1.505149978319906
131,słowo,słownik,0.43,8.29,0.37455105781555176,6.833411753177643,0.4,0.9030899869919436
132,pieniądze,pensja,5.43,8.86,0.29142977651403923,6.348394992734111,0.75,1.2041199826559248
133,pies,kot,1.14,7.29,0.6792654991149902,8.315987288951874,0.875,1.505149978319906
134,obszar,region,9.0,9.43,0.4527455568313599,7.25814551115036,0.25,1.505149978319906
135,flota,armia,3.71,7.86,0.5643189549446106,7.811252474784851,0.5,1.2041199826559248
136,książka,literatura,3.14,9.14,0.546015739440918,7.724784910678863,0.2857142857142857,1.1072099696478683
137,ubranie,szafa,0.43,8.0,0.4786573648452759,7.392147779464723,0.16666666666666666,0.9030899869919436
138,zachód,wschód,0.43,7.29,1.1329891979694366,9.663257896900175,0.25,1.0280287236002434
139,dziecko,dorosły,0.86,7.0,0.477552056312561,7.386500388383865,0.7272727272727273,1.3290587192642247
140,krowa,bydło,5.86,9.14,0.7911908626556396,8.743973970413206,0.1176470588235294,0.7647872888256622
141,książka,opowieść,4.57,7.43,0.5202001333236694,7.59998083114624,0.6666666666666666,1.1072099696478683
142,zima,lato,0.43,7.29,0.7569839954376221,8.619818389415741,0.75,1.505149978319906
143,taksówka,taryfa,6.29,8.86,0.3756580352783203,6.839637905359267,0.18181818181818185,0.8519374645445623
144,drzewo,klon,4.86,8.0,0.4959378242492676,7.479648143053055,0.13333333333333333,1.1072099696478683
145,łóżko,sypialnia,1.57,7.43,0.6179524660110474,8.054980933666231,0.15384615384615385,0.9030899869919436
146,dach,sufit,1.71,6.57,0.5827977061271667,7.896849811077117,0.18181818181818185,1.1072099696478683
147,schorzenie,infekcja,4.86,7.86,0.71651291847229,8.465370237827301,0.8,1.505149978319906
148,ramię,bark,3.86,8.43,0.4230782985687256,7.100599110126495,0.15384615384615385,0.7647872888256622
149,owca,jagnię,7.43,9.14,0.5770648121833801,7.870476543903352,0.9411764705882352,1.8061799739838869
150,dama,dżentelmen,1.57,9.0,0.5046252012252808,7.523072063922883,0.7272727272727273,1.3290587192642247
151,łódź,kotwica,0.0,8.43,0.2442662417753705,6.05783194047099,,
152,ksiądz,mnich,4.29,8.14,0.28314685821533203,6.298171281814575,0.8333333333333334,1.505149978319906
153,paluch,palec,7.71,8.86,0.4900209903717041,7.4498558044433585,0.8571428571428571,1.505149978319906
154,rzeka,strumień,7.57,9.14,0.4598150253295898,7.2950379550457,0.8888888888888888,1.505149978319906
155,złość,furia,8.14,9.29,0.6017276048660278,7.982766628265381,0.9473684210526316,1.8061799739838869
156,data,kalendarz,0.57,7.86,0.4741291999816895,7.368973046541214,0.2,0.9610819339696304
157,morze,ocean,4.71,9.0,0.7365070581436157,8.542696237564089,0.8571428571428571,1.505149978319906
158,sekunda,minuta,2.71,9.14,0.6616169810295105,8.242785036563872,1.0,2.0
159,dłoń,kciuk,1.43,8.57,0.58629310131073,7.9128497838974,0.2,0.9610819339696304
160,drewno,kłoda,5.29,9.0,0.353601336479187,6.714425086975098,0.8571428571428571,1.505149978319906
161,błoto,brud,3.57,7.86,0.5036906003952026,7.518419325351715,0.2222222222222222,0.9610819339696304
162,hol,korytarz,8.71,9.57,0.5677386522293091,7.8272223472595215,0.8888888888888888,1.8061799739838869
163,sposób,maniera,6.29,7.14,0.2717583179473877,6.2285563349723825,0.6666666666666666,1.2041199826559248
164,mysz,kot,0.86,7.14,0.4519524574279785,7.25399062037468,0.5333333333333333,1.2041199826559248
165,gliniarz,szeryf,5.14,8.43,0.5430114269256592,7.710432410240173,,
166,śmierć,pochówek,0.29,8.57,0.3894468545913696,6.916679590940476,0.25,1.0280287236002434
167,muzyka,melodia,6.57,8.57,0.6226454973220825,8.075622916221619,0.8888888888888888,1.8061799739838869
168,piwo,alkohol,3.86,8.43,0.5745073556900024,7.85865843296051,0.9090909090909092,1.8061799739838869
169,usta,warga,5.14,8.57,0.4832028150558472,7.415309250354768,0.75,1.505149978319906
170,burza,huragan,3.14,7.29,0.5551856160163879,7.768315076828003,0.5714285714285714,1.3290587192642247
171,podatek,dochód,0.14,6.14,0.5865800976753235,7.9141607880592355,0.6,1.2041199826559248
172,kwiat,fiołek,4.57,8.0,0.5033777356147766,7.516860365867615,0.9333333333333332,1.8061799739838869
173,papier,tektura,3.29,7.57,0.5997056365013123,7.9736751317977905,0.9090909090909092,1.8061799739838869
174,podłoga,sufit,0.43,6.86,0.7143707871437073,8.456966876983643,0.8333333333333334,1.505149978319906
175,plaża,wybrzeże,3.71,7.86,0.5716870427131653,7.845587730407715,0.16666666666666666,1.1072099696478683
176,karnisz,zasłona,0.0,8.0,0.5226709842681885,7.612069845199585,0.13333333333333333,0.9030899869919436
177,ogar,lis,0.43,5.71,0.3550407886505127,6.722670495510101,0.7619047619047619,1.1072099696478683
178,ulica,aleja,7.14,8.86,0.7387686371803284,8.551317155361176,0.9333333333333332,1.8061799739838869
179,łódź,pokład,1.14,8.14,0.2857312000585932,6.313878138683664,0.2,0.9030899869919436
180,samochód,klakson,0.0,7.71,0.37926042079925537,6.8598572909832,0.14285714285714285,0.9610819339696304
181,przyjaciel,gość,0.71,4.14,0.2984791994094849,6.390869319438933,0.6153846153846154,1.2041199826559248
182,pracodawca,pracownik,0.0,8.57,0.5219342112541199,7.608468234539032,0.7272727272727273,1.3290587192642247
183,dłoń,nadgarstek,1.43,8.86,0.6141326427459717,8.038097620010376,,
184,kula,działo,0.29,8.29,0.2919168472290039,6.351338177919388,0.7692307692307693,1.3290587192642247
185,alkohol,koniak,5.43,9.43,0.4672472476959229,7.333554625511169,0.8333333333333334,1.505149978319906
186,zwycięstwo,triumf,9.71,9.71,0.7848750948905945,8.721491098403929,0.2,0.9610819339696304
187,telefon,budka,0.29,5.71,0.2328791618347168,5.9860121458768845,0.14285714285714285,1.0280287236002434
188,drzwi,wejście,8.14,9.0,0.4818183183670044,7.408264875411987,0.2,0.9030899869919436
189,motel,zajazd,7.29,8.57,0.6131481528282166,8.033734560012817,0.8571428571428571,1.505149978319906
190,ubiór,tkanina,2.29,8.0,0.5319564938545227,7.657228708267213,0.18181818181818185,1.2041199826559248
191,stek,mięso,5.86,8.57,0.477421760559082,7.385834455490112,0.7142857142857143,1.2041199826559248
192,paznokieć,kciuk,2.0,7.29,0.3866246938705444,6.900988817214966,0.2,0.9610819339696304
193,zespół,orkiestra,6.29,7.71,0.3613635301589966,6.7587679624557495,0.5454545454545454,1.1072099696478683
194,książka,Biblia,2.29,6.71,0.37055504322052,6.810885220766068,0.25,1.1072099696478683
195,biznes,przemysł,4.86,7.86,0.3742756843566895,6.8318623304367065,0.25,1.0280287236002434
196,zima,sezon,3.71,7.14,0.42230093479156494,7.0964115858078,0.8571428571428571,1.8061799739838869
197,dekada,wiek,0.86,6.71,0.5318892002105713,7.656903862953186,0.6666666666666666,1.505149978319906
198,alkohol,dżin,5.57,9.43,0.2506450414657593,6.097780168056487,0.7692307692307693,1.3290587192642247
199,kapelusz,płaszcz,0.43,5.71,0.6348153352737427,8.128638863563538,0.6,1.2041199826559248
200,okno,drzwi,1.0,7.0,0.7233156561851501,8.49190354347229,0.18181818181818185,0.9610819339696304
201,ramię,nadgarstek,1.86,8.0,0.3875244855880737,6.905995607376099,,
202,dom,apartament,5.0,8.14,0.395569920539856,6.950585693120956,0.18181818181818185,1.2041199826559248
203,szkło,kryształ,4.0,7.0,0.4813320636749268,7.405789494514465,,
204,wino,koniak,2.14,8.86,0.6378940343856812,8.141933679580687,0.7692307692307693,1.3290587192642247
205,twórca,wykonawca,3.71,7.86,0.4342912435531616,7.160662412643433,0.9090909090909092,1.8061799739838869
206,obiad,śniadanie,0.71,8.0,0.8838311433792114,9.050839841365814,0.8571428571428571,1.505149978319906
207,ramię,mięsień,0.29,6.86,0.2847534418106079,6.307939738035202,0.2857142857142857,1.2041199826559248
208,bąbelek,mydliny,2.43,6.71,0.3539270162582397,6.716291457414628,,
209,chleb,mąka,0.71,7.14,0.5856760144233704,7.9100289940834045,0.7692307692307693,1.3290587192642247
210,śmierć,tragedia,2.71,7.29,0.3706865310668945,6.811627894639969,0.2222222222222222,1.0280287236002434
211,nieobecność,obecność,0.43,7.43,0.4263734817504883,7.118315696716309,0.2,1.3290587192642247
212,pistolet,działo,2.29,7.0,0.3759725093841553,6.84140607714653,0.8333333333333334,1.505149978319906
213,trawa,źdźbło,3.43,8.57,0.4497098922729492,7.242226749658585,0.15384615384615385,1.0280287236002434
214,piłka,kosz,0.0,6.71,0.3482013940811157,6.683400124311447,0.25,1.0280287236002434
215,szlauch,ogród,0.0,6.71,0.2592663764953613,6.151450350880622,0.18181818181818185,0.8519374645445623
216,chłopiec,dzieciak,5.14,7.43,0.5886827111244202,7.92375236749649,0.2857142857142857,1.1072099696478683
217,kościół,chór,0.0,6.43,0.3878738880157471,6.907938867807387,0.625,1.0280287236002434
218,ubrania,szuflada,0.0,5.71,0.3463629976429328,6.672803991362151,0.2857142857142857,1.2041199826559248
219,wieża,dzwon,0.0,7.0,0.5394729375839233,7.693469524383545,0.15384615384615385,1.1072099696478683
220,ojciec,rodzic,7.14,9.43,0.5710591673851013,7.8426724672317505,0.9230769230769232,1.8061799739838869
221,szkoła,stopień,0.29,6.14,0.31405746936798096,6.483851075172424,0.2222222222222222,0.9610819339696304
222,rodzic,dorosły,3.29,7.57,0.4058359861373901,7.007012665271759,0.7272727272727273,1.3290587192642247
223,krata,więzienie,1.86,8.0,0.4236602783203125,7.103732377290727,0.18181818181818185,0.8519374645445623
224,samochód,autostrada,0.0,8.14,0.3306276798248291,6.581421196460724,0.375,0.8519374645445623
225,słownik,definicja,0.43,8.14,0.38278400897979736,6.879571378231049,0.16666666666666666,0.9030899869919436
226,drzwi,piwnica,0.14,5.14,0.363916277885437,6.773284673690796,0.2222222222222222,1.0280287236002434
227,armia,legion,4.14,7.86,0.57728111743927,7.871474921703339,0.4444444444444444,1.3290587192642247
228,metal,aluminium,3.71,8.43,0.5381163358688354,7.686949670314789,0.16666666666666666,0.8519374645445623
229,krzesło,ławka,1.57,8.14,0.556038498878479,7.7723416686058036,0.875,1.505149978319906
230,obłok,mgła,3.0,6.86,0.527666449546814,7.636418640613557,0.25,1.3290587192642247
231,chłopiec,syn,5.29,7.86,0.3247791528701782,6.547140181064607,0.7272727272727273,1.3290587192642247
232,woda,lód,2.43,8.14,0.4257330894470215,7.1148769557476035,0.2222222222222222,1.0280287236002434
233,łóżko,koc,0.0,6.86,0.4940330982208252,7.470076978206634,0.6666666666666666,1.1072099696478683
234,adwokat,prawnik,6.0,9.14,0.8251942992210388,8.861593306064606,0.9230769230769232,1.8061799739838869
235,obszar,strefa,8.14,8.86,0.5128102898597717,7.563641667366028,0.8571428571428571,1.8061799739838869
236,biznes,firma,7.71,9.29,0.3673183917999268,6.792581379413606,1.0,2.0
237,ubranie,materiał,2.0,8.29,0.34589290618896484,6.6700924932956696,0.25,1.0280287236002434
238,sweter,kurtka,1.86,6.57,0.9108557105064392,9.132273197174072,0.6,1.2041199826559248
239,pieniądze,kapitał,5.43,8.29,0.36227024952201625,6.763927534799337,0.9090909090909092,1.8061799739838869
240,ręka,stopa,0.29,7.14,0.3281388282775879,6.566853374242783,0.4,1.0280287236002434
241,alkohol,koktajl,2.86,6.57,0.3813914060592651,6.871787011623383,0.7272727272727273,1.3290587192642247
242,jard,cal,1.57,8.71,0.36971187591552734,6.806122213602066,0.8571428571428571,1.505149978319906
243,molekuła,atom,6.57,9.0,0.8393537998199463,8.908866643905641,0.25,1.0280287236002434
244,obiektyw,aparat,1.86,9.14,0.5326592326164246,7.660630345344543,0.6666666666666666,1.2041199826559248
245,posiłek,obiad,4.71,8.71,0.7557191848754883,8.615115284919739,0.9230769230769232,1.8061799739838869
246,oko,łza,0.14,7.86,0.4337303638458252,7.157672792673111,0.2,0.9030899869919436
247,bóg,diabeł,0.14,8.14,0.32616400718688965,6.555272936820984,0.6,1.2041199826559248
248,pętla,pasek,0.29,2.0,0.24927771091461184,6.089235097169876,0.75,1.505149978319906
249,szczur,mysz,2.71,8.43,0.5438523292541504,7.714454233646393,0.8571428571428571,1.505149978319906
250,motor,silnik,6.29,8.43,0.4475046396255493,7.230633944272995,0.14285714285714285,1.0280287236002434
251,samochód,taksówka,4.14,8.14,0.5108349323272705,7.5538817048072815,0.15384615384615385,0.8519374645445623
252,kot,lew,3.29,7.71,0.3730008602142334,6.824682652950287,0.9411764705882352,1.8061799739838869
253,rozmiar,wielkość,7.29,9.71,0.6548318266868591,8.214227259159088,1.0,2.0
254,rzeczywistość,fantazja,0.14,6.43,0.32444560527801514,6.545179486274719,0.25,1.1072099696478683
255,drzwi,brama,4.57,8.57,0.5392504930496216,7.692401111125946,0.2,1.505149978319906
256,kot,zwierzak,4.71,8.71,0.7098881602287292,8.439308106899261,0.5714285714285714,1.1072099696478683
257,puszka,aluminium,1.29,7.71,0.3343780040740967,6.603312939405441,0.15384615384615385,0.9030899869919436
258,kość,szczęka,1.57,7.43,0.5383268594741821,7.687962353229523,0.2857142857142857,1.2041199826559248
259,zboże,pszenica,4.29,8.43,0.9314910769462584,9.191994667053224,0.9333333333333332,1.8061799739838869
260,dom,klucz,0.0,5.71,0.22351884841918945,5.926489904522897,0.2,1.1072099696478683
261,krew,ciało,0.14,6.57,0.361747145652771,6.76095113158226,0.2222222222222222,0.9610819339696304
262,drzwi,korytarz,0.0,5.0,0.5567697286605835,7.775791585445403,0.2222222222222222,1.0280287236002434
263,bóg,duch,1.86,6.0,0.41809630393981934,7.073711305856705,0.8,1.505149978319906
264,zdolność,kompetencja,6.29,8.0,0.355989933013916,6.728102266788483,0.5454545454545454,1.3290587192642247
265,obfitość,dostatek,7.71,9.0,0.5566567778587341,7.77525931596756,1.0,2.0
266,kanapa,krzesło,1.43,8.43,0.7076810598373413,8.430576622486116,0.875,1.505149978319906
267,ściana,cegła,1.0,7.0,0.5180310010910034,7.589342296123505,0.16666666666666666,1.1072099696478683
268,trąbka,bęben,1.0,8.0,0.5557603240013123,7.771028280258179,0.625,1.0280287236002434
269,organ,wątroba,3.86,8.43,0.2678176164627075,6.204316392540933,0.2,0.9030899869919436
270,siła,moc,8.43,9.43,0.3880558013916016,6.908950507640839,0.5714285714285714,1.3290587192642247
271,fraza,słowo,4.29,8.14,0.5840189456939697,7.902446389198303,0.6666666666666666,1.2041199826559248
272,zespół,parada,0.0,4.86,0.17214441299438474,5.591999031603336,0.25,1.0280287236002434
273,żołądek,talia,0.0,2.57,0.2264267206192017,5.945027694106102,0.2222222222222222,0.9610819339696304
274,chmura,burza,1.29,7.43,0.4624624252319336,7.308789789676666,0.6666666666666666,1.505149978319906
275,radość,duma,0.71,4.43,0.4429371356964111,7.206545323133469,0.14285714285714285,0.9030899869919436
276,hałas,grzechot,4.14,7.14,0.3874680995941162,6.905682384967804,0.6666666666666666,1.3290587192642247
277,deszcz,mgła,1.57,5.57,0.5671162605285645,7.824319899082184,0.5714285714285714,1.3290587192642247
278,piwo,napój,3.43,8.14,0.7485460042953491,8.588292300701141,0.8,1.505149978319906
279,mężczyzna,wujek,3.43,7.86,0.16468441486358645,5.54233081638813,0.7272727272727273,1.3290587192642247
280,jabłko,sok,0.0,5.29,0.5824255347251892,7.8951433300971985,0.18181818181818185,1.1072099696478683
281,inteligencja,logika,3.86,6.57,0.3778263330459595,6.8518154323101035,0.8,1.505149978319906
282,komunikacja,język,2.57,7.57,0.29734909534454346,6.384076923131943,0.2222222222222222,1.1072099696478683
283,norka,futro,1.71,7.43,0.4529514312744141,7.259223312139512,0.16666666666666666,0.8519374645445623
284,motłoch,tłum,6.43,8.29,0.4845517873764038,7.422162741422652,0.4615384615384616,1.3290587192642247
285,brzeg,wybrzeże,7.71,9.14,0.4850066900253296,7.424471825361253,0.2222222222222222,1.1072099696478683
286,drut,sznur,2.71,3.86,0.4871814250946045,7.43549644947052,0.16666666666666666,1.1072099696478683
287,ptak,indyk,3.43,8.29,0.3928126096725464,6.935340315103531,0.1111111111111111,0.8519374645445623
288,łóżko,łóżeczko,8.57,9.71,0.7279922962188721,8.510010242462156,0.875,1.505149978319906
289,kompetencja,umiejętność,7.29,8.57,0.4317185878753662,7.146937102079392,0.8571428571428571,1.8061799739838869
290,chmura,mgiełka,3.57,6.43,0.4683256149291992,7.339120209217071,,
291,kolacja,posiłek,4.43,8.86,0.6094800233840942,8.017435669898987,0.9230769230769232,1.8061799739838869
292,pręt,klatka,0.86,6.86,0.4362438917160034,7.1710577607154855,0.7142857142857143,1.2041199826559248
293,woda,sól,0.0,4.43,0.4337198734283447,7.157616764307022,0.2,0.9030899869919436
294,zmysł,intuicja,6.14,8.14,0.534787654876709,7.67091304063797,0.75,1.505149978319906
295,sytuacja,stan,6.14,7.57,0.3357949256896973,6.6115665435791025,0.2857142857142857,1.2041199826559248
296,przestępstwo,kradzież,6.0,8.43,0.6531029343605042,8.206913769245148,0.9090909090909092,1.8061799739838869
297,styl,moda,5.43,8.29,0.3866662979125977,6.90122053027153,0.2857142857142857,1.1072099696478683
298,rubież,granica,7.57,9.0,0.5126416087150574,7.562808692455293,0.2222222222222222,1.1072099696478683
299,ramię,ciało,1.14,7.86,0.2935713529586792,6.3613249361515045,0.2,0.9030899869919436
300,łódź,samochód,0.71,6.0,0.23931794442106336,6.026701902334567,0.6153846153846154,1.1072099696478683
301,kanapka,lunch,1.0,7.14,0.5736032724380493,7.854472994804382,0.7142857142857143,1.2041199826559248
302,narzeczona,księżniczka,1.0,2.71,0.4964969158172608,7.482453882694244,0.625,1.0280287236002434
303,bohaterka,bohater,3.14,9.29,0.7281773090362549,8.510724604129791,,
304,samochód,wskaźnik,0.0,4.57,0.2609751224517822,6.1620431393384925,0.18181818181818185,0.9030899869919436
305,owad,pszczoła,4.71,8.43,0.7325880527496338,8.527697324752808,0.8235294117647058,1.3290587192642247
306,łóżeczko,kołyska,5.71,8.57,0.5680569410324097,7.828705906867981,0.8235294117647058,1.3290587192642247
307,zwierzę,człowiek,1.57,4.43,0.4767668247222901,7.3824845254421225,0.3478260869565217,1.3290587192642247
308,marihuana,zioło,7.29,8.86,0.3884236812591553,6.910995692014693,1.0,2.0
309,łóżko,szpital,0.0,6.43,0.4431909322738648,7.207886278629303,0.15384615384615385,0.8519374645445623
310,policzek,język,0.43,5.57,0.21661102771759036,5.882282629609108,0.18181818181818185,0.9030899869919436
311,dysk,komputer,0.14,7.57,0.525227427482605,7.624545991420746,0.6666666666666666,1.1072099696478683
312,krzywa,kąt,1.29,5.71,0.4848065376281738,7.423455864191054,0.2222222222222222,1.1072099696478683
313,trawa,mech,2.0,6.29,0.5559006333351135,7.771691679954529,0.8,1.3290587192642247
314,szkoła,prawo,0.0,2.57,0.3023786544799805,6.414258182048798,0.25,1.0280287236002434
315,stopa,głowa,0.29,6.0,0.3331904411315918,6.596388518810272,0.5,1.2041199826559248
316,matka,opiekunka,5.57,8.0,0.4041564464569092,6.997817605733872,0.2222222222222222,1.2041199826559248
317,ortodonta,dentysta,3.29,8.86,0.7476376295089722,8.584877550601961,0.9411764705882352,1.8061799739838869
318,alkohol,whisky,3.29,8.57,0.4824568033218384,7.411515116691589,0.7692307692307693,1.3290587192642247
319,usta,ząb,1.43,7.14,0.2825092077255249,6.2942907214164725,0.6666666666666666,1.2041199826559248
320,śniadanie,bekon,0.29,4.71,0.3210083246231079,6.524946838617325,0.125,0.9610819339696304
321,łazienka,sypialnia,0.29,6.57,0.7698978185653687,8.667377531528473,0.6666666666666666,1.3290587192642247
322,talerz,miska,1.71,7.43,0.7281631827354431,8.510670363903046,0.875,1.505149978319906
323,mięso,bekon,3.14,8.29,0.5196507573127747,7.59728878736496,0.7142857142857143,1.2041199826559248
324,powietrze,hel,1.43,5.71,0.3789910078048706,6.858347356319428,0.5454545454545454,1.1072099696478683
325,robotnik,pracodawca,1.0,7.29,0.3733378648757935,6.826581209897995,0.7272727272727273,1.3290587192642247
326,ciało,pierś,2.29,7.14,0.2867485284805298,6.320052593946457,0.25,1.0280287236002434
327,syn,ojciec,1.14,8.57,0.7236364483833313,8.493149280548097,0.6153846153846154,1.1072099696478683
328,serce,operacja,0.0,4.29,0.25613701343536377,6.1320119351148605,0.2857142857142857,1.1072099696478683
329,kobieta,sekretarka,2.14,6.0,0.2613676786422729,6.164475083351135,0.25,1.1072099696478683
330,mężczyzna,ojciec,2.71,7.57,0.25700020790100103,6.1373789608478555,0.6666666666666666,1.2041199826559248
331,plaża,wyspa,0.57,6.14,0.4739841222763062,7.368228733539581,0.16666666666666666,0.9610819339696304
332,opowiadanie,temat,0.14,4.86,0.3574926853179932,6.736692935228348,0.18181818181818185,0.9030899869919436
333,gra,zabawa,7.43,8.71,0.3680709600448608,6.7968419194221505,0.7142857142857143,1.2041199826559248
334,weekend,tydzień,0.71,7.86,0.550803542137146,7.747565805912018,0.4,1.3290587192642247
335,para,duet,9.0,9.57,0.4538358449935913,7.2638511657714835,1.0,2.0
336,kobieta,żona,3.14,7.57,0.3676691055297852,6.794566959142685,0.8333333333333334,1.505149978319906
337,owca,bydło,0.71,4.57,0.7257288694381714,8.501260578632357,0.1176470588235294,0.7269987279362623
338,torebka,torba,8.43,9.43,0.7092012763023376,8.436593413352966,0.9333333333333332,1.8061799739838869
339,sufit,katedra,0.29,4.14,0.20822417736053467,5.828288048505782,0.16666666666666666,0.9030899869919436
340,ziarno,kawa,1.14,7.14,0.3693515062332153,6.804085224866867,0.18181818181818185,0.9610819339696304
341,drewno,papier,0.57,5.57,0.3811033964157105,6.870175898075104,0.7272727272727273,1.3290587192642247
342,wierzch,strona,2.29,5.0,0.1990034580230713,5.76852060854435,0.8571428571428571,1.8061799739838869
343,przestępstwo,oszustwo,6.0,8.14,0.6118317246437073,8.027893006801605,0.2857142857142857,1.505149978319906
344,ból,rana,0.57,7.43,0.4311251640319824,7.143766283988953,0.3636363636363637,0.9610819339696304
345,kochanek,towarzysz,2.86,5.14,0.3235515356063843,6.53992235660553,0.5714285714285714,1.1072099696478683
346,wieczór,zmierzch,6.43,8.29,0.4793144464492798,7.395502924919128,0.25,1.0280287236002434
347,ojciec,córka,0.43,8.57,0.6311466097831726,8.11273455619812,0.6666666666666666,1.1072099696478683
348,wino,trunek,4.57,8.14,0.7301218509674072,8.518219292163849,0.9090909090909092,1.8061799739838869
349,krowa,koza,0.86,6.86,0.5872510075569153,7.917223274707794,0.7058823529411765,1.3290587192642247
350,wiara,opinia,2.14,3.57,0.25347554683685297,6.115441471338272,0.4,1.0280287236002434
351,rzeczywistość,iluzja,0.71,6.71,0.4357260465621948,7.168302983045577,0.25,1.0280287236002434
352,pakt,porozumienie,8.29,9.14,0.4830564260482788,7.414564788341522,0.7272727272727273,1.3290587192642247
353,bogactwo,bieda,0.43,7.43,0.40493106842041016,7.002060860395432,0.3333333333333333,1.2041199826559248
354,wypadek,awaria,3.29,6.57,0.5338068008422852,7.666176855564117,0.6666666666666666,1.505149978319906
355,bitwa,podbój,3.71,7.14,0.3728495836257935,6.823830157518388,0.16666666666666666,0.8519374645445623
356,przyjaciel,nauczyciel,0.86,3.43,0.3785848617553711,6.85607060790062,0.5714285714285714,1.1072099696478683
357,choroba,infekcja,6.29,8.14,0.6856303215026855,8.342005610466003,0.8,1.505149978319906
358,gra,sztuczka,3.14,4.29,0.2687128782272339,6.209829971194267,0.16666666666666666,1.0280287236002434
359,brat,syn,1.43,6.71,0.7903019189834595,8.740821480751038,0.6666666666666666,1.2041199826559248
360,ciotka,siostrzeniec,0.57,7.14,0.641797661781311,8.158721625804901,0.6153846153846154,1.2041199826559248
361,robotnik,mechanik,4.43,7.0,0.3824489116668701,6.877698451280594,0.8333333333333334,1.505149978319906
362,lekarz,ortodonta,3.86,7.43,0.502720832824707,7.513585388660432,0.5333333333333333,1.3290587192642247
363,dąb ,klon,2.43,7.43,0.43613376618814814,7.170471576344676,0.8888888888888888,1.505149978319906
364,pszczoła,królowa,0.71,5.14,0.2694740295410156,6.214514300227165,,
365,samochód,rower,0.71,6.71,0.5373576879501343,7.683299481868744,0.7058823529411765,1.2041199826559248
366,cel,poszukiwanie,0.14,5.0,0.22338318824768064,5.9256235510110855,0.25,1.0280287236002434
367,sierpień,miesiąc,3.29,8.86,0.5330153107643127,7.662351429462433,0.8571428571428571,1.8061799739838869
368,armia,brygada,3.43,7.0,0.6012183427810669,7.980478703975677,0.4444444444444444,1.3290587192642247
369,chmura,pogoda,0.29,7.0,0.3769439458847046,6.846862733364105,0.6666666666666666,1.505149978319906
370,lekarz,doktor,8.86,9.57,0.5412396788597107,7.701947093009949,1.0,2.0
371,kanion,dolina,5.71,8.29,0.5207585692405701,7.602716088294983,0.8,1.505149978319906
372,rzeka,dolina,0.14,5.71,0.6879595518112183,8.351475894451141,0.16666666666666666,0.9610819339696304
373,słońce,niebo,0.29,8.57,0.4365911483764648,7.172904163599013,0.25,1.0280287236002434
374,cel,strzała,0.0,6.0,0.2046294212341309,5.8050378412008286,0.2,1.0280287236002434
375,czekolada,ciasto,0.86,5.57,0.5802593231201172,7.885192632675171,0.2,1.1072099696478683
376,okoliczność,sytuacja,7.57,8.57,0.4592405557632446,7.292049825191497,0.3333333333333333,1.2041199826559248
377,opinia,wybór,0.14,5.0,0.2724318504333496,6.232690736651421,0.2,0.9030899869919436
378,rytm,melodia,1.86,8.14,0.5590074062347412,7.786332368850707,0.2222222222222222,1.3290587192642247
379,jelito,nerw,0.29,2.71,0.4124835729598999,7.043270319700241,0.2222222222222222,0.9610819339696304
380,dzień,świt,3.14,7.29,0.2877962589263916,6.326405107975006,0.3333333333333333,1.2041199826559248
381,bydło,wołowina,1.0,6.14,0.5072039961814879,7.535890340805054,0.125,0.8519374645445623
382,doktor,profesor,2.57,8.86,0.7458975911140442,8.578324019908905,0.5714285714285714,1.1072099696478683
383,ramię,żyła,0.29,4.0,0.21766281127929688,5.889028385281563,0.5454545454545454,1.1072099696478683
384,pokój,łazienka,2.57,6.29,0.5167478919029236,7.583038508892058,0.75,1.505149978319906
385,korporacja,biznes,3.29,6.71,0.4447164535522461,7.215941697359085,0.7058823529411765,1.1072099696478683
386,rozrywka,futbol,1.86,5.29,0.325167179107666,6.549419015645982,0.2,1.2041199826559248
387,wzgórze,klif,1.57,5.57,0.4849991798400879,7.4244339764118195,0.18181818181818185,0.9610819339696304
388,kość,kostka,5.86,8.0,0.425992488861084,7.116270065307617,0.18181818181818185,0.9610819339696304
389,jabłko,cukierek,0.29,3.29,0.4215768575668335,7.0925089716911325,0.5714285714285714,1.1072099696478683
390,pomocnik,służący,3.86,6.43,0.2768096923828125,6.259513795375824,0.6666666666666666,1.2041199826559248
391,lider,menedżer,5.86,7.57,0.3714364767074585,6.815860718488692,0.6153846153846154,1.1072099696478683
392,cytryna,herbata,0.14,6.43,0.5806724429130554,7.887092232704163,0.15384615384615385,0.8519374645445623
393,pszczoła,mrówka,1.57,6.71,0.5946766138076782,7.950973808765411,0.9,1.505149978319906
394,koszykówka,bejsbol,1.0,7.14,0.2845836877822876,6.306907832622527,0.16666666666666666,0.8061799739838872
395,ryż,ziarnko,1.71,6.29,0.35157930850982666,6.702824831008911,0.15384615384615385,1.1072099696478683
396,łóżko,mebel,3.29,7.86,0.3764091730117798,6.843859255313872,0.9333333333333332,1.8061799739838869
397,emocja,pasja,4.86,6.14,0.3835054636001587,6.883600205183028,0.2,1.1072099696478683
398,anarchia,chaos,6.71,8.29,0.5641352534294128,7.810393273830414,0.5714285714285714,1.505149978319906
399,przestępstwo,naruszenie,4.0,6.57,0.5527147054672241,7.756626605987549,0.2222222222222222,1.0280287236002434
400,maszyna,silnik,3.0,6.71,0.5774905681610107,7.872441112995148,0.8,1.3290587192642247
401,plaża,morze,0.14,8.14,0.5823293924331665,7.894701957702638,0.14285714285714285,1.0280287236002434
402,kręgielnia,kula,0.0,7.71,0.27314162254333496,6.237047091126442,0.6153846153846154,1.1072099696478683
403,słoik,butelka,1.71,6.57,0.7354524731636047,8.538667559623718,0.875,1.505149978319906
404,siła,zdolność,2.0,4.29,0.3219047784805298,6.530228704214097,0.6666666666666666,1.505149978319906
405,nasiona,musztarda,0.0,2.43,0.17103405691138485,5.584623846645934,0.2,1.3290587192642247
406,gitara,bęben,1.14,6.57,0.4849152565002442,7.42400735616684,0.625,1.0280287236002434
407,opinia,idea,1.43,3.57,0.27062368392944336,6.221584677696228,0.25,1.0280287236002434
408,północ,zachód,0.43,7.29,0.9447546005249025,9.229256808757784,0.16666666666666666,0.9030899869919436
409,dieta,sałatka,0.14,5.71,0.3875685930252075,6.906241625547409,0.15384615384615385,0.9030899869919436
410,matka,żona,3.0,8.29,0.6395407915115356,8.149025440216063,0.75,1.2041199826559248
411,tata,matka,2.43,8.86,0.42971694469451904,7.136235237121582,0.8571428571428571,1.505149978319906
412,kapitan,żeglarz,4.86,8.0,0.4440926313400269,7.212648987770081,,
413,metr,jard,1.86,8.57,0.5166544914245605,7.582579553127289,0.7142857142857143,1.3290587192642247
414,piwo,szampan,1.29,8.14,0.5380203127861023,7.686488032341003,0.7142857142857143,1.2041199826559248
415,silnik,łódź,0.0,5.57,0.1993810341340465,5.77097603736176,0.16666666666666666,0.9610819339696304
416,karta,brydż,0.71,8.71,0.311334490776062,6.467685848474503,0.2857142857142857,1.1072099696478683
417,nauka,psychologia,2.86,7.0,0.4768457412719727,7.382888197898865,0.875,1.505149978319906
418,grzesznik,święty,0.29,6.14,0.25892722606658936,6.1493465304374695,0.6666666666666666,1.2041199826559248
419,destrukcja,konstrukcja,0.86,6.14,0.2550691366195679,6.125367879867554,0.25,1.1072099696478683
420,tłum,zgraja,6.14,7.43,0.4257141351699829,7.114775031805039,0.7272727272727273,1.3290587192642247
421,plaża,rafa,0.14,3.43,0.4389966726303101,7.185679972171784,0.18181818181818185,0.9030899869919436
422,mężczyzna,dziecko,1.0,4.43,0.3680408000946045,6.796670705080032,0.7272727272727273,1.3290587192642247
423,chleb,ser,0.71,5.29,0.5013515949249268,7.5067535042762765,0.7692307692307693,1.3290587192642247
424,mistrz,zwycięzca,5.71,6.86,0.5306732654571533,7.651014029979706,0.9230769230769232,1.8061799739838869
425,uroczystość,ceremonia,8.71,9.29,0.6895926594734192,8.35809975862503,0.8571428571428571,1.8061799739838869
426,menu,zamówienie,0.43,6.43,0.2355934381484985,6.003189906477928,0.18181818181818185,0.8519374645445623
427,król,księżniczka,1.14,8.14,0.5260638594627379,7.628621160984039,0.5333333333333333,0.9610819339696304
428,bogactwo,prestiż,1.29,6.43,0.3535555601119995,6.714162826538086,0.2,0.9030899869919436
429,wytrzymałość,siła,4.29,6.43,0.3457263708114624,6.6691312193870536,0.6666666666666666,1.505149978319906
430,niebezpieczeństwo,zagrożenie,9.29,9.71,0.8681178092956543,9.001812040805818,0.25,1.0280287236002434
431,bóg,ksiądz,0.0,6.0,0.17588722705841064,5.616813749074937,0.6,1.2041199826559248
432,mężczyźni,bractwo,2.43,5.14,0.2435919619264291,6.053597245431623,0.16666666666666666,0.9610819339696304
433,kumpel,kompan,7.71,8.57,0.4993116855621338,7.496557533740997,0.8421052631578947,1.8061799739838869
434,nauczyciel,pomocnik,0.71,3.43,0.31370186805725103,6.481741666793822,0.6666666666666666,1.2041199826559248
435,ciało,żołądek,0.43,6.14,0.3312329053878784,6.584958732128142,0.2222222222222222,0.9610819339696304
436,język,gardło,1.0,5.43,0.2384976148605347,6.02152980864048,0.18181818181818185,0.9030899869919436
437,dom,dywan,0.14,4.14,0.2159219980239868,5.877859517931937,0.375,1.0280287236002434
438,inteligencja,umiejętność,3.71,6.14,0.4421705007553101,7.202491909265517,0.5714285714285714,1.3290587192642247
439,podróż,podbój,1.29,4.0,0.4246455430984497,7.10903212428093,0.14285714285714285,0.8519374645445623
440,bóg,modlitwa,0.0,8.29,0.42827165126800537,7.128495872020721,0.25,1.0280287236002434
441,brat,dusza,0.0,1.14,0.2596319913864136,6.153718009591103,0.6666666666666666,1.2041199826559248
442,adwersarz,oponent,9.43,9.86,0.9248116016387941,9.172896146774294,0.9090909090909092,1.8061799739838869
443,śmierć,katastrofa,1.86,6.71,0.4065679311752319,7.011015862226486,0.2857142857142857,1.2041199826559248
444,potwór,demon,6.86,8.14,0.5747392773628235,7.859731614589691,0.6,1.2041199826559248
445,dzień,poranek,4.14,8.57,0.3444021940231323,6.661484241485597,,
446,człowiek,zwycięzca,1.29,4.29,0.21921908855438232,5.8990005403757095,0.8,1.505149978319906
447,znajomy,facet,3.71,5.29,0.39369475841522217,6.940222233533858,0.7272727272727273,1.3290587192642247
448,piosenka,opowieść,1.86,4.0,0.4083249568939209,7.020614445209503,0.7142857142857143,1.2041199826559248
449,promień,słońce,2.57,8.14,0.5231653451919556,7.614485025405884,0.4444444444444444,1.1072099696478683
450,facet,ogier,0.86,2.71,0.25914645195007324,6.15070603787899,0.3076923076923077,1.0280287236002434
451,kurczak,ryż,0.29,5.71,0.5372340083122253,7.682704627513885,0.125,0.8519374645445623
452,kabina,winda,3.29,6.43,0.4611321687698364,7.301884293556213,0.16666666666666666,1.1072099696478683
453,masło,ziemniak,0.29,5.86,0.6290494203567505,8.103612959384918,0.4615384615384616,1.1072099696478683
454,mieszkanie,meble,0.14,7.0,0.2288774832719596,5.960618986451108,0.18181818181818185,0.9030899869919436
455,jezioro,bagno,1.57,5.0,0.5662100315093994,7.82009094953537,0.16666666666666666,1.0280287236002434
456,sałatka,ocet,0.14,5.29,0.6183655261993408,8.056801855564117,0.15384615384615385,1.2041199826559248
457,kwiat,cebulka,0.29,5.86,0.464337944984436,7.318510562181473,,
458,chmura,mgła,2.71,6.57,0.6008255481719971,7.978713512420653,0.6666666666666666,1.505149978319906
459,kierowca,pilot,3.43,6.57,0.5495014190673828,7.741381227970122,0.6153846153846154,1.2041199826559248
460,cukier,miód,1.57,6.71,0.6138986349105835,8.037061393260956,0.8333333333333334,1.505149978319906
461,ciało,bark,1.71,7.86,0.2614758014678955,6.165144890546799,0.15384615384615385,0.7647872888256622
462,idea,wyobrażenie,6.43,7.71,0.3693391084671021,6.804015040397644,0.6666666666666666,1.3290587192642247
463,ojciec,brat,1.43,7.29,0.6598773002624512,8.235484659671782,0.7692307692307693,1.3290587192642247
464,księżyc,planeta,2.43,6.86,0.6576206684112549,8.225992918014526,0.7272727272727273,1.3290587192642247
465,bal,kostium,0.0,7.0,0.3134937286376953,6.480507403612138,0.14285714285714285,0.8519374645445623
466,barierka,płot,6.0,7.86,0.6017189025878906,7.982727587223053,0.7142857142857143,1.2041199826559248
467,pokój,łóżko,0.0,5.71,0.41845250129699707,7.0756372809410095,0.16666666666666666,0.9610819339696304
468,kwiat,krzew,2.29,6.86,0.5877750515937805,7.919614315032959,0.8,1.505149978319906
469,kość,kolano,0.43,6.57,0.3448442220687866,6.664038151502608,0.5714285714285714,1.3290587192642247
470,ramię,kolano,0.43,6.29,0.3750076293945313,6.835980266332626,0.5,1.2041199826559248
471,dno,strona,0.71,1.71,0.2506513595581055,6.0978203266859055,0.2222222222222222,1.2041199826559248
472,naczynie,żyła,2.29,3.43,0.4405989646911621,7.1941736340522775,0.9090909090909092,1.8061799739838869
473,kot,królik,0.71,6.71,0.5902499556541443,7.930887043476106,0.5714285714285714,1.2041199826559248
474,mięso,kanapka,0.29,4.71,0.4716784954071045,7.356387376785277,0.7692307692307693,1.3290587192642247
475,wiara,koncept,2.29,4.43,0.19144439697265625,5.719205066561699,0.2222222222222222,1.0280287236002434
476,inteligencja,wnikliwość,2.29,6.14,0.3910669088363648,6.925668269395827,0.8,1.505149978319906
477,uwaga,zainteresowanie,7.0,7.86,0.3601648807525635,6.7519401013851175,0.2,0.9030899869919436
478,postawa,pewność,1.14,3.43,0.29653239250183105,6.379165202379228,0.2222222222222222,1.1072099696478683
479,słuszność,sprawiedliwość,3.43,5.71,0.30947649478912354,6.456634402275085,0.5714285714285714,1.3290587192642247
480,prawo,zgoda,0.29,3.43,0.3922669887542725,6.932319700717926,0.2222222222222222,0.9610819339696304
481,głębokość,wielkość,1.43,6.29,0.4811458587646485,7.404841184616089,0.8571428571428571,1.8061799739838869
482,medium,wiadomość,0.29,5.86,0.2050491571426392,5.807756260037423,0.25,1.1072099696478683
483,zwycięzca,kandydat,0.57,4.0,0.35981929302215576,6.749969869852066,0.7272727272727273,1.3290587192642247
484,urodziny,data,2.29,6.14,0.3635289669036865,6.7710842192172995,0.5,1.2041199826559248
485,opłata,płatność,8.71,9.43,0.5741666555404663,7.857081890106201,0.25,1.1072099696478683
486,Biblia,hymn,0.0,1.14,0.2591656446456909,6.150825321674348,0.2222222222222222,0.9610819339696304
487,wyjście,drzwi,6.14,7.57,0.2794808149337769,6.275831758975983,0.2,0.9030899869919436
488,mężczyzna,wartownik,1.14,4.43,0.2544529438018799,6.1215315014123926,0.6666666666666666,1.2041199826559248
489,przejście,hol,3.43,7.0,0.28529202938079834,6.311211287975311,0.2222222222222222,0.9610819339696304
490,whisky,gin,2.57,8.0,0.5495985746383667,7.741842865943909,0.75,1.2041199826559248
491,krew,szpik,0.71,7.71,0.5463625192642212,7.7264392375946045,0.5714285714285714,1.3290587192642247
492,olej,norka,0.0,0.0,0.18999719619750974,5.7097312808036795,0.18181818181818185,0.8519374645445623
493,podłoga,pokład,2.71,5.43,0.3359726667404175,6.612600386142732,0.18181818181818185,1.3290587192642247
494,dach,podłoga,0.43,6.29,0.5843192934989929,7.903822362422942,0.18181818181818185,1.1072099696478683
495,drzwi,podłoga,0.43,5.14,0.581516444683075,7.8909698128700265,0.18181818181818185,1.1072099696478683
496,bark,głowa,1.43,5.29,0.4214491844177246,7.091820240020753,0.15384615384615385,0.7647872888256622
497,wóz,powóz,5.14,8.29,0.6155941486358643,8.044565916061401,0.7058823529411765,1.1072099696478683
498,samochód,pojazd,6.43,8.43,0.8901681900024414,9.070263206958769,0.8333333333333334,1.505149978319906
499,łokieć,kostka,1.0,6.43,0.4837245941162109,7.417960613965987,0.5882352941176471,1.0280287236002434
500,bogactwo,sława,0.71,4.86,0.3723349571228027,6.820928901433946,0.2,0.9030899869919436
501,żal,wstyd,1.86,4.86,0.5625545382499695,7.802990078926086,0.8571428571428571,1.505149978319906
502,administracja,zarząd,5.57,8.0,0.42005562782287603,7.084300369024278,0.4,1.0280287236002434
503,komunikacja,konwersacja,4.29,8.0,0.27253103256225586,6.233299747109412,0.2857142857142857,1.1072099696478683
504,zanieczyszczenie,atmosfera,0.0,6.57,0.3899091482162476,6.919245719909668,0.3333333333333333,1.2041199826559248
505,anatomia,biologia,2.43,6.86,0.5889288187026978,7.924873530864716,,
506,uczelnia,zawód,0.0,5.14,0.3029477596282959,6.417664885520935,0.16666666666666666,0.8519374645445623
507,książka,temat,0.0,5.71,0.4063231945037842,7.009677737951279,0.5,1.1072099696478683
508,wzór,równanie,7.14,8.57,0.4048149585723877,7.001424729824066,0.16666666666666666,0.9030899869919436
509,książka,informacja,0.29,5.29,0.3346831798553467,6.605091840028763,0.25,1.2041199826559248
510,chłopak,partner,7.14,8.71,0.3233020305633545,6.538454443216324,0.8,1.505149978319906
511,niebo,wszechświat,1.71,4.71,0.3815016746520996,6.872403919696808,0.6666666666666666,1.505149978319906
512,populacja,ludzie,6.86,7.86,0.3481435780161401,6.683066941336888,,
513,uczelnia,klasa,1.14,4.43,0.26703548431396484,6.1994968354702005,0.2222222222222222,0.9610819339696304
514,szef,major,1.71,4.14,0.5030897259712219,7.515424787998199,0.6153846153846154,1.2041199826559248
515,rabin,pastor,2.71,7.0,0.4487849473953247,7.237367033958435,0.8333333333333334,1.505149978319906
516,metr,cal,1.71,8.43,0.2745041847229004,6.245400533080101,0.7142857142857143,1.3290587192642247
517,poliester,bawełna,1.0,6.86,0.4736379384994507,7.366452068090439,0.5714285714285714,1.0280287236002434
518,prawnik,bankier,0.71,4.71,0.4844250679016113,7.421519309282303,0.6666666666666666,1.1072099696478683
519,skrzypce,instrument,4.29,8.57,0.5777121782302856,7.873463034629822,0.7692307692307693,1.3290587192642247
520,obóz,chatka,0.57,3.14,0.21841418743133545,5.893844738602638,0.2857142857142857,1.1072099696478683
521,garnek,urządzenie,0.71,2.57,0.2650512456893921,6.187254041433334,0.15384615384615385,0.9030899869919436
522,len,tkanina,3.57,6.29,0.5612358450889587,7.796804308891296,0.14285714285714285,0.9610819339696304
523,whisky,szampan,1.29,7.43,0.5691954493522644,7.834007441997527,0.625,1.0280287236002434
524,dziewczynka,dziecko,4.57,8.0,0.5688097476959229,7.832212150096892,0.9230769230769232,1.8061799739838869
525,chatka,domek,8.0,8.86,0.6002300977706909,7.97603577375412,0.2222222222222222,1.0280287236002434
526,ptak,kura,3.57,8.43,0.4255044460296631,7.113647907972336,0.9523809523809524,1.8061799739838869
527,rakieta,hałas,0.0,6.43,0.2170895338058472,5.885351523756981,0.2222222222222222,0.9610819339696304
528,zachód,wieczór,3.57,7.86,0.2680591344833374,6.205804795026778,0.25,1.0280287236002434
529,mżawka,deszcz,6.57,9.14,0.7353180646896362,8.538153767585754,0.8888888888888888,1.8061799739838869
530,dorosły,niemowlę,1.14,6.86,0.4647126197814941,7.320450395345688,0.6666666666666666,1.2041199826559248
531,grafit,węgiel,5.0,8.29,0.4740331172943115,7.36847996711731,0.9333333333333332,1.8061799739838869
532,ciało,kręgosłup,0.57,7.0,0.3496127128601074,6.691522896289825,0.18181818181818185,0.9610819339696304
533,głowa,paznokieć,0.29,5.0,0.3129922151565552,6.477531939744949,0.2857142857142857,1.1072099696478683
534,drewno,kloc,2.14,6.71,0.3724712133407593,6.821696907281876,0.2,1.0280287236002434
535,łyżeczka,filiżanka,0.29,7.43,0.7803605198860168,8.705298006534576,0.625,1.1072099696478683
536,ciało,nerw,0.43,6.86,0.25010406970977783,6.0944006592035285,0.2,0.9030899869919436
537,mężczyzna,mąż,4.71,8.43,0.34667110443115234,6.674581170082092,0.9090909090909092,1.8061799739838869
538,kość,kark,0.29,4.43,0.35761022567749023,6.7373646795749655,,
539,frustracja,złość,5.0,7.71,0.6434827446937561,8.165946006774902,0.7058823529411765,1.1072099696478683
540,rzeka,morze,1.29,6.43,0.5042968392372131,7.521438300609589,0.13333333333333333,1.2041199826559248
541,zadanie,praca,3.57,6.57,0.35166049003601074,6.703290939331055,0.18181818181818185,0.9610819339696304
542,klub,stowarzyszenie,6.0,7.57,0.3890073299407959,6.914238333702087,0.7272727272727273,1.3290587192642247
543,odzwierciedlenie,obraz,5.86,7.57,0.3010599613189697,6.4063575863838205,0.16666666666666666,0.8061799739838872
544,książę,król,4.0,8.71,0.6457129120826721,8.175484240055084,0.8,1.3290587192642247
545,śnieg,pogoda,1.14,6.57,0.5007840991020203,7.503919303417206,0.5714285714285714,1.3290587192642247
546,społeczeństwo,partia,0.0,5.14,0.2927972078323364,6.356653273105621,0.7272727272727273,1.3290587192642247
547,chłopiec,brat,2.86,7.0,0.3911091089248657,6.925902366638184,0.7272727272727273,1.3290587192642247
548,korzeń,trawa,0.14,6.71,0.35870397090911865,6.743608862161636,0.16666666666666666,1.1072099696478683
549,brew,oko,0.29,6.71,0.508949339389801,7.54454642534256,,
550,pieniądz,perła,0.43,3.57,0.230804443359375,5.972856879234314,0.2,1.1072099696478683
551,pieniądz,diament,0.43,4.43,0.26853764057159424,6.2087512761354455,0.15384615384615385,0.9610819339696304
552,pojazd,autobus,5.29,8.29,0.632737934589386,8.119641542434692,0.7692307692307693,1.3290587192642247
553,taksówka,autobus,1.43,6.71,0.6472110152244568,8.181877434253693,0.14285714285714285,0.8519374645445623
554,dom,stodoła,1.43,4.29,0.4064708948135376,7.0104849338531485,0.8,1.3290587192642247
555,palec,dłoń,1.14,7.86,0.737008273601532,8.544609248638151,0.25,1.1072099696478683
556,samochód,most,0.0,3.86,0.30407166481018066,6.424388438463211,0.4,0.9030899869919436
557,wysiłek,trudność,2.86,6.86,0.41702473163604736,7.0679113268852225,0.6666666666666666,1.505149978319906
558,fakt,spostrzeżenie,3.57,6.0,0.3694885969161987,6.804859936237335,0.25,1.0280287236002434
559,praca,zarządzanie,2.86,5.86,0.3171868324279785,6.502382606267929,0.125,0.9030899869919436
560,rak,choroba,3.86,7.86,0.5902323126792908,7.930806875228883,0.2222222222222222,1.3290587192642247
561,słowo,gazeta,0.71,5.57,0.22330904006958008,5.925150588154793,0.35294117647058826,0.8519374645445623
562,kompozytor,pisarz,1.43,6.57,0.6106960773468018,8.022846877574919,0.8235294117647058,1.3290587192642247
563,aktor,piosenkarz,1.57,6.29,0.7510943412780762,8.597850799560549,0.7368421052631579,1.2041199826559248
564,schronienie,szałas,5.43,7.14,0.3599462509155273,6.750693023204804,0.16666666666666666,0.9030899869919436
565,łazienka,kuchnia,0.71,7.14,0.6108139157295227,8.023370504379272,0.75,1.505149978319906
566,chata,domek,6.57,8.43,0.588222861289978,7.921656966209412,0.8571428571428571,1.505149978319906
567,drzwi,kuchnia,0.29,6.0,0.3285788297653198,6.569430679082871,0.2222222222222222,1.0280287236002434
568,wartość,wiara,0.86,4.43,0.2199479341506958,5.903667062520982,0.4444444444444444,1.1072099696478683
569,mądrość,inteligencja,5.0,8.14,0.4042507410049439,6.998334079980849,0.5,1.3290587192642247
570,ignorancja,inteligencja,0.57,4.29,0.3249328136444092,6.548042744398117,0.4444444444444444,1.2041199826559248
571,szczęście,traf,6.0,7.43,0.386088490486145,6.898003220558167,0.2857142857142857,1.1072099696478683
572,pomysł,plan,4.43,6.71,0.4698907136917114,7.347186952829361,0.6666666666666666,1.3290587192642247
573,nastrój,emocja,4.0,7.86,0.47006571292877203,7.348088324069978,0.8333333333333334,1.505149978319906
574,szczęście,spokój,2.14,6.14,0.4028046131134033,6.9904057681560525,0.2,1.1072099696478683
575,rozpacz,niedola,3.43,6.71,0.4932986497879028,7.466381192207336,0.18181818181818185,1.0280287236002434
576,logika,arytmetyka,2.0,6.29,0.6117898225784302,8.027706742286682,0.25,1.0280287236002434
577,zaprzeczenie,spowiedż,0.43,1.71,0.3347647190093994,6.605566889047622,0.25,1.0280287236002434
578,spór,krytyka,1.57,3.86,0.3586932420730591,6.743547022342683,0.25,1.0280287236002434
579,agresja,wrogość,4.71,7.86,0.5271213054656982,7.63376772403717,0.15384615384615385,1.0280287236002434
580,histeria,zamieszanie,3.0,4.86,0.3225386142730713,6.5339623391628265,0.18181818181818185,0.8519374645445623
581,chemia,teoria,0.71,5.0,0.3652640581130981,6.780935525894165,0.13333333333333333,0.8061799739838872
582,rozprawa,werdykt,0.29,7.43,0.3808708190917969,6.868874430656433,0.5714285714285714,1.0280287236002434
583,komfort,bezpieczeństwo,3.0,6.86,0.40119993686676025,6.9815967977046975,0.5,1.2041199826559248
584,pewność,ego,2.14,4.71,0.2086201906204224,5.830845609307289,,
585,wzrok,percepcja,3.0,6.71,0.4056862592697144,7.006193846464157,0.2857142857142857,1.1072099696478683
586,era,dekada,2.86,6.71,0.4324661493301392,7.150929272174835,0.18181818181818185,0.9030899869919436
587,biografia,fikcja,0.86,6.29,0.2927975654602051,6.3566552102565765,0.25,1.0280287236002434
588,dyskusja,spór,5.29,7.14,0.4881749153137207,7.44052454829216,0.25,1.0280287236002434
589,kod,symbol,3.43,5.71,0.3312463760375977,6.585037708282472,0.16666666666666666,1.3290587192642247
590,niebezpieczeństwo,choroba,0.43,4.71,0.2337909936904907,5.99178671836853,0.2857142857142857,1.2041199826559248
591,wypadek,katastrofa,6.86,8.14,0.5724507570266724,7.849131226539612,0.6666666666666666,1.505149978319906
592,podróż,wycieczka,6.57,8.71,0.5348889231681824,7.671401500701903,0.8571428571428571,1.505149978319906
593,aktywność,ruch,7.71,8.71,0.33911633491516113,6.6308727860450745,0.25,1.2041199826559248
594,plotka,wiadomość,3.71,6.29,0.2739123106002808,6.241772845387459,0.7692307692307693,1.3290587192642247
595,ojciec,bóg,2.71,5.0,0.3245851993560791,6.546000391244887,0.5,1.1072099696478683
596,akcja,przebieg,3.14,5.86,0.2374281883239746,6.014780625700951,0.9090909090909092,1.8061799739838869
597,gorączka,choroba,1.29,7.71,0.4170745611190796,7.068181037902832,0.2222222222222222,1.3290587192642247
598,lotnictwo,lot,0.0,8.71,0.4631067514419556,7.3121313750743875,0.16666666666666666,0.8519374645445623
599,gra,akcja,1.43,5.86,0.3552510738372803,6.7238749563694,0.15384615384615385,0.9610819339696304
600,cząsteczka,powietrze,0.29,5.29,0.3518508672714233,6.704384237527847,0.4444444444444444,1.1072099696478683
601,dom,państwo,1.29,1.71,0.23445534706115725,5.995991751551628,0.15384615384615385,1.0280287236002434
602,słowo,literatura,1.57,6.86,0.35739004611968994,6.736106127500534,0.26666666666666666,1.0280287236002434
603,dorosły,opiekun,3.0,4.29,0.3619765043258667,6.762256175279617,0.8,1.505149978319906
604,gazeta,informacja,1.57,8.0,0.2750281095504761,6.248609721660613,0.16666666666666666,0.9030899869919436
605,komunikacja,telewizja,0.86,6.43,0.2724102735519409,6.232558265328407,0.2222222222222222,0.9610819339696304
606,kuzyn,wuj,2.43,7.71,0.721598744392395,8.485229313373567,0.8333333333333334,1.505149978319906
607,autor,czytelnik,0.57,7.71,0.3156778812408447,6.493453532457353,0.6666666666666666,1.2041199826559248
608,facet,partner,5.29,7.57,0.3102250099182129,6.46108865737915,0.8,1.505149978319906
609,obszar,zakątek,4.0,5.43,0.3532314300537109,6.712305098772049,0.2857142857142857,1.2041199826559248
610,ballada,piosenka,5.57,8.14,0.754395604133606,8.610185384750366,0.7142857142857143,1.2041199826559248
611,ściana,dekoracja,0.0,5.43,0.44950711727142334,7.241162061691284,0.16666666666666666,1.505149978319906
612,słowo,strona,0.29,4.14,0.2682532072067261,6.207000017166138,0.2,1.1072099696478683
613,pielęgniarka,naukowiec,1.0,2.57,0.2863752841949463,6.317787915468216,0.25,1.0280287236002434
614,polityk,prezydent,4.71,8.43,0.452898383140564,7.258945256471634,0.875,1.505149978319906
615,prezydent,burmistrz,4.14,7.43,0.5207535624504089,7.602691054344177,0.875,1.505149978319906
616,książka,esej,3.0,5.71,0.7001085877418518,8.400434255599977,0.8333333333333334,1.505149978319906
617,mężczyzna,wojownik,2.57,6.71,0.3171771764755249,6.5023255348205575,0.8,1.505149978319906
618,artykuł,czasopismo,0.43,7.29,0.4530375003814697,7.259674072265625,0.5,1.0280287236002434
619,śniadanie,kolacja,0.86,8.57,0.8497516512870789,8.942942917346953,0.8571428571428571,1.505149978319906
620,tłum,parada,1.86,5.43,0.3249653577804565,6.548234224319457,0.2222222222222222,0.9610819339696304
621,przejście,korytarz,5.0,7.29,0.4267715215682984,7.120451331138611,0.25,1.0280287236002434
622,nauczyciel,rabin,2.14,5.57,0.33253931999206543,6.592589318752289,0.6666666666666666,1.2041199826559248
623,biodro,usta,0.57,4.0,0.27197110652923584,6.22986301779747,,
624,książka,artykuł,1.43,5.0,0.4682135581970215,7.338541895151137,0.8333333333333334,1.505149978319906
625,pokój,cela,3.0,4.43,0.3838980197906494,6.8857912719249725,0.75,1.505149978319906
626,kabina,budka,5.57,6.71,0.292969822883606,6.357695609331131,0.18181818181818185,1.2041199826559248
627,córka,dzieciak,3.86,6.0,0.2559162378311157,6.130639314651488,0.25,1.1072099696478683
628,kończyna,noga,6.14,9.14,0.6807893514633179,8.322234749794006,0.18181818181818185,0.9030899869919436
629,wątroba,płuco,1.14,7.14,0.6609773635864258,8.24010282754898,,
630,klasa,korytarz,0.43,5.0,0.2374640703201294,6.015007644891738,0.25,1.0280287236002434
631,góra,grań,2.43,7.43,0.3892513513565064,6.915593892335893,0.2857142857142857,1.1072099696478683
632,klatka,winda,1.0,5.29,0.4299091100692749,7.137264013290405,0.875,1.505149978319906
633,łóżko,kanapa,3.0,8.0,0.6295475363731384,8.105781078338621,0.9411764705882352,1.8061799739838869
634,ubranie,guzik,0.14,6.0,0.3484240770339966,6.684682220220567,0.16666666666666666,0.9610819339696304
635,ubranie,płaszcz,3.0,7.43,0.6165599226951599,8.048834502696991,0.2222222222222222,0.9610819339696304
636,nerka,organ,4.14,8.57,0.28899717330932617,6.333680003881455,0.2,0.9610819339696304
637,jabłko,sos,0.0,2.86,0.4575735330581665,7.283367961645126,0.42857142857142855,1.1072099696478683
638,kurczak,stek,1.0,5.29,0.4559323787689209,7.274806946516037,0.125,1.0280287236002434
639,samochód,szlauch,0.0,1.57,0.24406397342681885,6.056561395525932,0.18181818181818185,0.9030899869919436
640,tytoń,papieros,1.43,8.71,0.709872841835022,8.439247608184813,0.15384615384615385,0.9610819339696304
641,student,profesor,1.0,8.57,0.4721729755401611,7.358929067850112,0.5714285714285714,1.0280287236002434
642,niemowlę,córka,2.57,6.29,0.2791633605957031,6.273894906044006,0.6153846153846154,1.1072099696478683
643,fajka,cygaro,1.71,8.14,0.7535575628280641,8.607059121131897,0.8571428571428571,1.505149978319906
644,mleko,sok,1.43,7.0,0.6223006248474121,8.074109554290771,0.2222222222222222,1.1072099696478683
645,pudełko,cygaro,0.0,5.43,0.44274675846099854,7.20553919672966,0.2,1.0280287236002434
646,apartament,hotel,2.0,6.71,0.5833320617675781,7.899300158023834,0.3636363636363637,1.1072099696478683
647,filiżanka,rożek,0.0,0.86,0.2862138748168945,6.316808611154556,0.5,0.9030899869919436
648,koń,wół,1.57,7.57,0.5688134431838989,7.8322288393974295,0.7058823529411765,1.3290587192642247
649,gardło,nos,0.57,7.29,0.550613284111023,7.746662497520447,0.18181818181818185,1.1072099696478683
650,kość,ząb,2.0,5.43,0.539716899394989,7.694641053676605,0.2857142857142857,1.2041199826559248
651,kość,łokieć,0.57,6.43,0.4103713035583496,7.031773328781128,0.2857142857142857,1.1072099696478683
652,bekon,fasola,0.57,4.43,0.493769884109497,7.4687521159648895,0.125,0.8519374645445623
653,kubek,słoik,2.43,5.0,0.5826861262321472,7.896338105201721,0.875,1.505149978319906
654,dowód,fakt,4.29,7.29,0.4233964681625366,7.10231214761734,0.3333333333333333,1.2041199826559248
655,spotkanie,zobowiązanie,0.71,2.71,0.19050943851470947,5.713085979223251,0.2,1.0280287236002434
656,urodziny,rok,0.86,5.14,0.25531482696533203,6.126897111535072,0.5,1.2041199826559248
657,słowo,wskazówka,0.57,4.43,0.17629456520080564,5.619509853422642,0.18181818181818185,1.0280287236002434
658,autor,twórca,8.29,9.43,0.7242681384086609,8.49560022354126,1.0,2.0
659,atom,węgiel,1.86,7.29,0.4299184083938599,7.137313336133957,0.18181818181818185,0.9030899869919436
660,arcybiskup,biskup,4.86,9.0,0.9806918501853944,9.325797855854033,0.875,1.505149978319906
661,litera,akapit,1.29,5.57,0.4448682069778441,7.2167423367500305,0.15384615384615385,0.8519374645445623
662,strona,akapit,1.71,6.43,0.237870454788208,6.01757250726223,0.2,1.0280287236002434
663,wieża,kaplica,1.14,4.14,0.49267578125,7.463245391845702,0.8,1.3290587192642247
664,mięsień,kość,0.29,5.71,0.5070368051528931,7.535060346126556,0.3333333333333333,1.3290587192642247
665,mięsień,język,2.71,7.29,0.18046236038208008,5.6470511853694925,0.2857142857142857,1.1072099696478683
666,chłopiec,żołnierz,1.29,4.57,0.29385435581207275,6.363031268119812,0.8,1.505149978319906
667,brzuch,podbrzusze,5.14,8.29,0.8029659986495972,8.785359263420105,0.4,1.3290587192642247
668,chłopak,dziewczyna,1.71,8.29,0.9890552759170532,9.347338974475859,0.8,1.505149978319906
669,łóżko,krzesło,1.43,6.86,0.6028991937637329,7.988025248050691,0.875,1.505149978319906
670,ubranie,kurtka,3.29,8.14,0.7962056994438171,8.761684000492098,0.2222222222222222,0.9610819339696304
671,pistolet,nóż,0.86,5.57,0.4888194799423218,7.44378536939621,0.6,1.3290587192642247
672,puszka,metal,0.43,7.57,0.2757469415664673,6.2530116736888885,0.13333333333333333,0.8519374645445623
673,butelka,pojemnik,3.0,6.71,0.5326167345046997,7.660423815250398,0.6666666666666666,1.1072099696478683
674,kura,indyk,2.14,7.71,0.6600887179374695,8.236372768878939,0.10526315789473684,0.8061799739838872
675,mięso,chleb,0.43,5.86,0.5102890133857727,7.551180422306062,0.7692307692307693,1.3290587192642247
676,ramię,kość,0.57,5.86,0.2897827625274658,6.338435858488082,0.6666666666666666,1.3290587192642247
677,szyja,kręgosłup,2.71,7.43,0.4543789625167847,7.2666920721530905,0.18181818181818185,0.8519374645445623
678,jabłko,cytryna,1.71,7.43,0.5611302256584167,7.796309292316438,0.375,0.9030899869919436
679,udręka,żal,2.71,5.86,0.4038764238357544,6.996283084154129,0.2,1.2041199826559248
680,przydział,zadanie,3.43,6.14,0.26888465881347656,6.210887581110001,0.18181818181818185,0.9030899869919436
681,noc,świt,0.43,7.57,0.459396481513977,7.292861193418503,0.6666666666666666,1.505149978319906
682,obiad,zupa,2.29,7.43,0.6691983342170715,8.274421095848082,0.7142857142857143,1.2041199826559248
683,cielak,byk,4.71,7.86,0.43109357357025146,7.143597602844237,0.6666666666666666,1.505149978319906
684,śnieg,burza,0.29,5.29,0.3522289991378784,6.706554442644119,0.5714285714285714,1.3290587192642247
685,paznokieć,dłoń,1.14,6.86,0.489484429359436,7.447146028280258,0.5,1.505149978319906
686,pies,koń,0.86,7.57,0.4966402053833008,7.483173459768295,0.5,1.2041199826559248
687,ramię,szyja,0.29,6.86,0.4425946474075317,7.204734683036804,0.6,1.2041199826559248
688,piłka,rękawica,0.14,4.86,0.3011268377304077,6.406757980585097,0.3333333333333333,1.2041199826559248
689,grypa,gorączka,0.29,8.29,0.5584170818328857,7.783553898334503,0.16666666666666666,1.0280287236002434
690,opłata,pensja,2.14,4.86,0.40563738346099854,7.005926370620728,0.6,1.2041199826559248
691,nerw,mózg,0.86,8.14,0.4643222093582153,7.31842890381813,0.2222222222222222,0.9610819339696304
692,bestia,zwierzę,4.14,5.43,0.4267944097518921,7.12057501077652,0.8,1.505149978319906
693,obiad,kurczak,0.57,5.86,0.4297664165496826,7.1365003287792215,0.13333333333333333,1.0280287236002434
694,dziewczyna,pokojówka,2.71,5.0,0.4921852350234986,7.460773140192032,0.7272727272727273,1.3290587192642247
695,dziecko,chłopiec,5.14,8.71,0.552510142326355,7.755657434463501,0.9230769230769232,1.8061799739838869
696,alkohol,wino,4.0,9.14,0.4421459436416626,7.202361822128296,0.9090909090909092,1.8061799739838869
697,nos,usta,1.14,6.29,0.3724150657653809,6.82138055562973,0.6666666666666666,1.3290587192642247
698,ulica,samochód,0.0,7.29,0.24473440647125244,6.060770750045776,0.4,0.9030899869919436
699,dzwonek,drzwi,0.0,6.71,0.4021115303039551,6.986602395772934,0.2857142857142857,1.1072099696478683
700,pudełko,kapelusz,0.0,3.43,0.3684616088867188,6.799052506685258,0.2222222222222222,1.2041199826559248
701,wiara,wrażenie,0.86,2.57,0.19926941394805908,5.77024944126606,0.25,1.1072099696478683
702,uprzedzenie,opinia,2.43,6.57,0.2516791820526123,6.1042383313179025,0.2222222222222222,0.9610819339696304
703,uwaga,świadomość,3.43,6.0,0.28341758251190186,6.299818307161331,0.18181818181818185,0.9610819339696304
704,złość,nastrój,2.86,6.57,0.3772389888763428,6.848519444465637,0.6666666666666666,1.1072099696478683
705,elegancja,styl,5.86,8.14,0.35825562477111816,6.741049587726593,0.25,1.2041199826559248
706,piękno,wiek,0.14,2.57,0.1926950216293335,5.727384462952614,0.3333333333333333,1.2041199826559248
707,książka,motyw,0.0,3.0,0.28022027015686035,6.28034308552742,0.4615384615384616,1.0280287236002434
708,przyjaciółka,matka,1.43,5.0,0.4968588352203369,7.484269738197327,,
709,witamina,żelazo,1.29,5.0,0.5093145370483398,7.546356022357942,0.5714285714285714,1.2041199826559248
710,samochód,fabryka,0.0,6.71,0.35618948936462397,6.729243695735931,0.125,1.0280287236002434
711,pakt,warunek,2.57,6.14,0.2705557346343994,6.22116707265377,0.2,0.9030899869919436
712,rozdział,wybór,0.0,0.57,0.2365419864654541,6.009184420108795,0.2,0.9610819339696304
713,arytmetyka,rytm,0.0,0.14,0.2569155693054199,6.136852353811264,0.2857142857142857,1.1072099696478683
714,zwycięzca,obecność,0.0,0.0,0.19170320034027102,5.720898658037187,0.16666666666666666,0.9610819339696304
715,wiara,kwiat,0.0,0.43,0.1826870441436768,5.661716908216476,0.16666666666666666,0.9030899869919436
716,zwycięzca,cel,0.0,5.14,0.2307906150817871,5.972768217325211,0.2222222222222222,0.9610819339696304
717,sztuczka,rozmiar,0.0,0.0,0.1518845558166504,5.4564619436860085,0.4444444444444444,1.1072099696478683
718,wybór,styl,0.0,1.43,0.21457135677337646,5.8691828697919854,0.2222222222222222,1.0280287236002434
719,hymn,podbój,0.0,1.29,0.23562300205230716,6.003376841545105,0.13333333333333333,0.7647872888256622
720,wytrzymałość,zespół,0.0,0.0,0.1598360538482666,5.509901568293572,0.2857142857142857,1.2041199826559248
721,więzienie,wybór,0.0,1.29,0.16431927680969238,5.539892539381981,0.18181818181818185,0.8519374645445623
722,warunek,chłopiec,0.0,0.0,0.1824038028717041,5.659850537776947,0.2,1.0280287236002434
723,kwiat,wytrzymałość,0.0,0.86,0.14737844467163086,5.426037050783634,0.2,1.0280287236002434
724,luka,porozumienie,0.0,0.57,0.15890204906463626,5.5036407336592665,0.2222222222222222,1.0280287236002434
725,doktor,usposobienie,0.0,0.29,0.2135486602783203,5.862607359886169,0.2,0.9610819339696304
726,bractwo,drzwi,0.0,0.0,0.1666886806488037,5.555702447891235,0.16666666666666666,0.9030899869919436
727,zadanie,kobieta,0.0,1.29,0.18564987182617188,5.681209117174149,0.2222222222222222,1.0280287236002434
728,bractwo,baseball,0.0,0.43,0.20307767391204834,5.794981196522713,0.18181818181818185,0.9610819339696304
729,cent,rozmiar,0.0,0.43,0.2335023880004883,5.989959388971329,0.2,1.1072099696478683
730,obecność,drzwi,0.0,0.14,0.20115315914154053,5.782492458820343,0.18181818181818185,1.0280287236002434
731,mysz,zarząd,0.0,0.0,0.1332489252090454,5.329978913068771,0.15384615384615385,0.8061799739838872
732,zadanie,autostrada,0.0,0.0,0.16149795055389404,5.521031245589256,0.16666666666666666,0.8519374645445623
733,trunek,wiek,0.0,1.86,0.19432532787323,5.738034099340439,0.25,1.0280287236002434
734,zadanie,słoma,0.0,0.0,0.11871206760406496,5.230108592659236,0.2,0.9030899869919436
735,wyspa,zadanie,0.0,0.0,0.22146642208099365,5.913380458950996,0.2222222222222222,0.9610819339696304
736,noc,rozdział,0.0,0.0,0.27220046520233154,6.231270506978035,0.25,1.0280287236002434
737,zanieczyszczenie,prezydent,0.0,0.14,0.1293811798095703,5.303509719669818,0.18181818181818185,0.9030899869919436
738,pistolet,sztuczka,0.0,0.71,0.1969672441482544,5.755264461040497,0.18181818181818185,0.9030899869919436
739,kąpiel,sztuczka,0.0,0.14,0.2229368686676025,5.922774523496628,0.4444444444444444,1.1072099696478683
740,dieta,jabłko,0.57,3.86,0.3010058403015137,6.4060328900814065,0.16666666666666666,0.8519374645445623
741,cent,żona,0.0,0.0,0.121681809425354,5.250596888363361,0.14285714285714285,0.8519374645445623
742,rozdział,opowieść,1.86,5.43,0.3385424613952637,6.627541333436966,0.15384615384615385,0.9030899869919436
743,danie,żołądek,0.14,4.86,0.3008750677108765,6.4052487909793845,0.2857142857142857,1.1072099696478683
744,hymn,słoma,0.0,0.0,0.10585606098175047,5.140906032174827,0.15384615384615385,0.9030899869919436
745,dentysta,pułkownik,0.14,1.86,0.22525513172149655,5.937564000487328,0.5,0.9610819339696304
746,żona,słoma,0.0,0.0,0.12578272819519046,5.278816483914851,0.15384615384615385,0.8519374645445623
747,dziura,żona,0.0,0.0,0.1077951192855835,5.1544143818318835,0.16666666666666666,0.8519374645445623
748,uczeń,prezydent,0.14,0.29,0.2573175430297852,6.1393509805202475,0.6153846153846154,1.1072099696478683
749,kąpiel,żona,0.0,0.43,0.2167543172836304,5.883200988173485,0.18181818181818185,0.9030899869919436
750,ludzie,cent,0.0,1.29,0.1328034308133177,5.326933708388593,,
751,wzór,logarytm,1.86,5.29,0.36748743057250977,6.793538480997086,0.14285714285714285,0.8519374645445623
752,kobieta,futro,0.0,2.71,0.23870158195495605,6.022815406322478,0.2,0.9610819339696304
753,jabłko,słońce,0.0,2.0,0.30007612705230713,6.400456726551057,0.18181818181818185,0.8519374645445623
754,pistolet,świt,0.0,0.86,0.15584516525268555,5.483119711279869,0.2222222222222222,0.9610819339696304
755,posiłek,talia,0.0,1.57,0.190018892288208,5.709872841835022,0.18181818181818185,1.2041199826559248
756,aparat,prezydent,0.0,0.29,0.18512237071990967,5.67774198949337,0.13333333333333333,0.8061799739838872
757,trunek,grupa,0.0,0.0,0.12531280517578125,5.275587122887373,,
758,żołądek,żyła,0.29,2.0,0.4164488315582275,7.064792513847351,0.6,1.2041199826559248
759,pistolet,futro,0.0,0.0,0.2773059606552124,6.262548565864563,0.18181818181818185,1.0280287236002434
760,trener,baseball,0.14,5.86,0.31937873363494873,6.515333503484727,0.2222222222222222,0.9610819339696304
761,robotnik,kamera,0.0,0.29,0.1509495973587036,5.450157783925533,0.2,0.9030899869919436
762,pokład,mysz,0.0,1.43,0.17220795154571533,5.592420697212219,0.16666666666666666,0.8519374645445623
763,ryż,chłopiec,0.0,0.14,0.21526837348937988,5.873662158846855,0.15384615384615385,0.9610819339696304
764,ludzie,pistolet,0.0,1.0,0.16113440198918094,5.518597448382994,,
765,klif,ogon,0.0,0.0,0.22144591808319086,5.913248807191849,0.16666666666666666,0.9030899869919436
766,kostka,okno,0.0,0.0,0.2642843723297119,6.182517036795616,0.15384615384615385,0.9030899869919436
767,księżniczka,wyspa,0.0,0.0,0.2393149137496948,6.026683002710342,0.2222222222222222,0.9610819339696304
768,pojemnik,mysz,0.0,0.14,0.20322346687316892,5.795926451683044,0.14285714285714285,0.9030899869919436
769,wóz,kontener,0.57,2.29,0.4190858602523804,7.079062163829804,0.18181818181818185,1.0280287236002434
770,ludzie,balon,0.0,1.0,0.1848767508272653,5.6761271338037504,,
771,dolar,ludzie,0.0,1.29,0.22102862657847933,5.910580325102737,,
772,kąpiel,balon,0.0,0.0,0.2438269853591919,6.055073216557503,0.16666666666666666,0.8519374645445623
773,żołądek,sypialnia,0.0,0.0,0.2360645532608032,6.0061682760715485,0.2222222222222222,0.9610819339696304
774,rower,sypialnia,0.0,0.14,0.2613692283630371,6.164484918117522,0.15384615384615385,0.8519374645445623
775,kloc,kąpiel,0.0,0.0,0.17618513107299805,5.618785806000234,0.25,1.0280287236002434
776,miska,ogon,0.0,0.57,0.3884516954421997,6.91115140914917,0.15384615384615385,0.9030899869919436
777,iść,przyjść,5.29,8.57,0.37925362586975103,6.859818696975707,0.15384615384615385,1.1072099696478683
778,wziąć,ukraść,3.43,6.86,0.19993579387664795,5.774582698941232,0.625,1.0280287236002434
779,słuchać,słyszeć,6.43,9.0,0.5431705117225647,7.711193561553955,0.2857142857142857,1.1072099696478683
780,myśleć,racjonalizować,4.0,7.57,0.34324634075164795,6.654802411794663,0.25,1.1072099696478683
781,wystąpić,nastąpić,3.57,6.14,0.3810204267501831,6.869711577892304,0.2222222222222222,1.2041199826559248
782,zanikać,znikać,7.14,8.71,0.5654808878898621,7.816685140132903,0.16666666666666666,0.8519374645445623
783,mnożyć,dzielić,1.29,7.0,0.29971277713775635,6.398276835680008,0.5454545454545454,1.1072099696478683
784,nalegać,błagać,5.43,7.29,0.4844387769699097,7.421588748693466,0.14285714285714285,1.2041199826559248
785,zacząć,zapoczątkować,8.14,9.0,0.3984891176223755,6.966684460639954,0.6666666666666666,1.505149978319906
786,chronić,bronić,7.0,8.57,0.39896607398986816,6.969311088323593,0.2222222222222222,1.1072099696478683
787,zabić,zniszczyć,4.0,6.71,0.5068091750144958,7.533930242061615,0.6666666666666666,1.3290587192642247
788,stworzyć,zrobić,7.43,8.43,0.3795506954193115,6.861483305692673,0.9090909090909092,1.8061799739838869
789,akceptować,odrzucić,1.0,7.0,0.3822016716003418,6.876317411661147,0.2,0.9610819339696304
790,ignorować,unikać,4.86,5.71,0.38561081886291504,6.895341873168945,0.2222222222222222,1.0280287236002434
791,nieść,przynieść,5.71,7.86,0.4124370813369751,7.043017894029617,0.16666666666666666,0.8061799739838872
792,wyjść,wejść,1.0,6.86,0.4283559322357178,7.128947228193282,0.14285714285714285,1.1072099696478683
793,decydować,wybrać,5.43,7.71,0.31051576137542725,6.4628180861473075,0.2857142857142857,1.1072099696478683
794,przegrać,zawieść,3.0,6.0,0.3399190902709961,6.635530591011047,0.3636363636363637,0.9610819339696304
795,zachęcić,zniechęcić,0.57,7.0,0.6606826186180115,8.238866031169891,0.5,1.1072099696478683
796,osiągnąć,spełnić,3.86,6.86,0.30482912063598633,6.428916752338409,0.7692307692307693,1.3290587192642247
797,stworzyć,skonstruować,7.43,8.43,0.504368782043457,7.521796226501465,0.2,1.3290587192642247
798,słuchać,przestrzegać,2.57,4.57,0.26283133029937744,6.173534542322159,0.18181818181818185,1.0280287236002434
799,poinformować,zawiadomić,9.0,9.57,0.5980556011199951,7.966240644454956,0.9090909090909092,1.8061799739838869
800,otrzymywać,dać,1.0,6.57,0.3707364797592163,6.8119099736213675,0.2,1.0280287236002434
801,pożyczyć,błagać,0.86,2.86,0.2875217199325561,6.324741542339325,0.15384615384615385,0.9610819339696304
802,wziąć,otrzymać,2.43,5.86,0.3718031644821167,6.817929893732071,0.18181818181818185,1.1072099696478683
803,poradzić,polecić,5.57,7.57,0.2666972875595093,6.197410747408867,0.16666666666666666,0.9030899869919436
804,imitować,portretować,1.57,4.57,0.32861924171447754,6.569667756557465,0.7272727272727273,1.3290587192642247
805,zwyciężyć,osiągnąć,3.57,6.14,0.4209157228469849,7.088942974805832,0.7692307692307693,1.3290587192642247
806,myśleć,decydować,1.86,5.29,0.3365079164505005,6.615715473890305,0.5,1.505149978319906
807,przywitać,spotkać,1.0,4.86,0.3351167440414429,6.607617735862732,0.18181818181818185,0.9030899869919436
808,uzgadniać,dyskutować,3.29,6.14,0.464462161064148,7.3191532492637625,0.6666666666666666,1.2041199826559248
809,lubić,bawić,0.0,3.57,0.4739601612091065,7.36810564994812,0.25,1.0280287236002434
810,niszczyć,robić,0.71,4.86,0.2645847797393799,6.184372901916504,0.25,1.3290587192642247
811,ratować,chronić,5.29,7.57,0.303179144859314,6.419050097465515,0.2,1.0280287236002434
812,dawać,pożyczać,3.0,6.0,0.2392919063568115,6.026536896824838,0.2857142857142857,1.1072099696478683
813,pojmować,rozumieć,6.86,8.86,0.7458386421203613,8.578101694583893,0.6666666666666666,1.505149978319906
814,brać,otrzymywać,3.29,6.29,0.3349374532699585,6.606573760509491,0.2857142857142857,1.1072099696478683
815,akceptować,uznawać,7.14,8.57,0.4375290870666504,7.177889049053192,0.5454545454545454,1.1072099696478683
816,decydować,wybierać,5.14,7.14,0.4149879217147827,7.056872397661209,0.6666666666666666,1.505149978319906
817,akceptować,wierzyć,0.14,2.71,0.3169686794281006,6.50109201669693,0.8333333333333334,1.505149978319906
818,trzymać,posiadać,4.86,6.71,0.2988998889923096,6.393396854400635,0.25,1.0280287236002434
819,wędrować,błądzić,3.57,6.0,0.4316704273223877,7.146680057048798,0.6666666666666666,1.505149978319906
820,wygrywać,przegrywać,1.0,6.71,0.8963077664375305,9.088889360427855,0.2222222222222222,0.9610819339696304
821,wydawać,oszczędzać,1.0,6.71,0.19676506519317627,5.753946378827095,0.18181818181818185,1.1072099696478683
822,wyjść,pójść,2.57,6.0,0.421328067779541,7.0911672711372375,1.0,2.0
823,przyjść,uczestniczyć,1.71,4.43,0.2818089723587036,6.290026605129242,0.13333333333333333,1.0280287236002434
824,wiedzieć,wierzyć,1.71,6.0,0.4251922369003296,7.111971080303192,0.25,1.0280287236002434
825,gromadzić,spotykać,2.57,3.0,0.27860569953918457,6.270489543676376,0.2,0.9610819339696304
826,robić,zarobić,0.71,3.57,0.3118506669998169,6.4707526564598075,0.16666666666666666,1.1072099696478683
827,zapominać,ignorować,0.71,2.43,0.4680241346359253,7.337564527988434,0.2,1.0280287236002434
828,mnożyć,dodawać,0.86,6.71,0.3753173351287842,6.837722212076187,0.6666666666666666,1.3290587192642247
829,maleć,rosnąć,0.86,6.71,0.6125707626342773,8.031173348426819,0.5714285714285714,1.3290587192642247
830,przyjeżdżać,wyjeżdżać,1.0,6.71,0.7731842398643494,8.679346740245817,0.2,1.0280287236002434
831,osiągnąć,próbować,0.71,5.57,0.25311195850372314,6.1131756752729425,0.18181818181818185,1.0280287236002434
832,akceptować,zaprzeczać,0.86,5.14,0.4247040748596192,7.109347134828568,0.2222222222222222,0.9610819339696304
833,przybywać,przyjeżdżać,7.86,8.86,0.6755164265632629,8.300567269325256,0.8,1.505149978319906
834,uzgadniać,różnić,0.71,5.71,0.2577618360519409,6.142110452055931,0.2,1.0280287236002434
835,wysyłać,otrzymywać,0.71,5.29,0.4317715167999268,7.1472205221652985,0.4444444444444444,1.1072099696478683
836,zwyciężać,dominować,3.14,6.14,0.30934083461761475,6.455826759338379,0.2857142857142857,1.1072099696478683
837,dodawać,dzielić,0.71,6.29,0.23554742336273196,6.002899780869484,0.6,1.2041199826559248
838,zabić,udusić,5.14,7.71,0.5419700741767883,7.705446779727937,0.625,1.0280287236002434
839,nabyć,dostać,2.71,6.14,0.28474783897399897,6.307905614376067,0.9411764705882352,1.8061799739838869
840,uczestniczyć,dołączyć,2.14,5.0,0.4255660772323608,7.113979309797287,0.2,1.2041199826559248
841,odejść,pozostać,0.86,6.57,0.5115048289299011,7.557193636894226,0.4,1.0280287236002434
842,iść,wejść,2.14,5.86,0.2454826831817627,6.065465435385704,0.18181818181818185,0.9610819339696304
843,wziąć,nieść,0.86,4.71,0.2305561304092407,5.971280112862588,0.16666666666666666,0.8519374645445623
844,zapomnieć,poznawać,0.57,5.0,0.2811698913574219,6.2861329317092896,0.2222222222222222,1.0280287236002434
845,mianować,wybrać,4.14,6.57,0.5353087782859802,7.673427164554597,0.2222222222222222,1.0280287236002434
846,zaręczyć,poślubić,3.43,7.57,0.7423493266105652,8.56491357088089,0.5454545454545454,1.1072099696478683
847,prosić,nalegać,6.86,8.43,0.5098071098327637,7.548795342445373,0.15384615384615385,1.3290587192642247
848,iść,posyłać,0.43,3.71,0.3638561964035034,6.7729437351226816,0.2222222222222222,0.9610819339696304
849,wziąć,dostarczać,0.57,4.43,0.17918682098388672,5.638631582260133,0.18181818181818185,1.1072099696478683
850,mówić,słyszeć,0.29,6.86,0.3997470140457153,6.973608881235122,0.2222222222222222,0.9610819339696304
851,analizować,oceniać,3.14,5.14,0.4889582395553589,7.444486320018767,0.25,1.0280287236002434
852,argumentować,racjonalizować,4.0,5.0,0.3922340869903565,6.9321368634700775,0.4615384615384616,0.9610819339696304
853,stracić,zatrzymać,0.71,5.29,0.35371434688568115,6.715072989463806,0.5714285714285714,1.3290587192642247
854,porównywać,analizować,5.86,7.86,0.5558449029922485,7.771428227424622,0.25,1.2041199826559248
855,dezorganizować,organizować,0.86,6.86,0.3052990436553955,6.43172413110733,0.16666666666666666,0.8519374645445623
856,iść,pozwalać,0.29,1.43,0.2467944622039795,6.07368990778923,0.2222222222222222,1.0280287236002434
857,wziąć,posiąść,5.14,6.43,0.14776718616485596,5.428666360676289,0.6666666666666666,1.1072099696478683
858,poznawać,słuchać,1.14,3.71,0.3324180841445923,6.591880917549133,0.3333333333333333,1.2041199826559248
859,burzyć,budować,0.71,6.43,0.4071263074874878,7.014067471027374,0.2857142857142857,1.1072099696478683
860,tworzyć,budować,5.86,8.14,0.5375394225120544,7.684173882007599,0.25,1.2041199826559248
861,kraść,kupować,0.57,5.86,0.4459540843963623,7.222468554973602,0.25,1.0280287236002434
862,zabić,powiesić,4.86,6.86,0.4415998458862305,7.199472486972809,0.5,1.1072099696478683
863,zapomnieć,wiedzieć,0.57,5.57,0.3981670141220093,6.964910477399826,0.2222222222222222,1.0280287236002434
864,tworzyć,wymyślać,5.86,7.71,0.2570887804031372,6.137929186224937,0.2857142857142857,1.505149978319906
865,zrobić,nastąpić,1.57,1.86,0.2606329917907715,6.159923747181892,0.2857142857142857,1.505149978319906
866,wygrać,osiągnąć,4.29,6.29,0.4346147775650024,7.162385880947112,0.7692307692307693,1.3290587192642247
867,dawać,odmawiać,0.57,5.43,0.2039332389831543,5.800527259707451,0.2222222222222222,1.0280287236002434
868,zasłużyć,zarobić,2.57,4.29,0.287375807762146,6.323856711387634,0.75,1.2041199826559248
869,dostawać,wkładać,0.14,1.71,0.3885711431503296,6.911815106868744,0.2,1.0280287236002434
870,zlokalizować,znaleźć,8.14,9.29,0.3477966785430908,6.6810691356658936,0.6666666666666666,1.1072099696478683
871,zawitać,przyjść,6.14,7.57,0.4877053499221802,7.438149154186249,0.9,1.505149978319906
872,wiedzieć,rozumieć,5.57,7.14,0.4938303232192993,7.469056397676468,0.4,1.3290587192642247
873,udawać,wyobrażać,1.71,4.14,0.2937591075897217,6.362458020448685,0.2857142857142857,1.2041199826559248
874,satysfakcjonować,zadowalać,8.86,9.57,0.825996994972229,8.864299952983854,1.0,2.0
875,hołubić,trzymać,2.43,4.43,0.29823267459869385,6.389388144016267,0.18181818181818185,1.0280287236002434
876,dyskutować,różnić,1.57,4.86,0.21945548057556152,5.900514051318169,0.2,1.0280287236002434
877,przezwyciężyć,zdominować,1.86,4.0,0.3505054712295532,6.69665664434433,0.13333333333333333,1.0280287236002434
878,postępować,przestrzegać,1.0,4.0,0.40948235988616943,7.026928067207336,0.16666666666666666,0.9030899869919436
879,współpracować,uczestniczyć,2.0,5.0,0.438352108001709,7.182259857654572,0.7272727272727273,1.3290587192642247
880,osiągać,próbować,1.29,4.43,0.2021268606185913,5.788813382387161,0.2222222222222222,1.0280287236002434
881,przegrać,zniechęcić,1.0,4.57,0.2481696605682373,6.0823022574186325,0.3636363636363637,0.9610819339696304
882,zacząć,porzucić,0.43,5.71,0.342864990234375,6.652596890926361,0.25,1.1072099696478683
883,mówić,uczestniczyć,0.86,3.43,0.2692838907241821,6.213345006108284,0.18181818181818185,1.0280287236002434
884,przyjść,przynieść,0.71,3.57,0.4240366220474243,7.10575744509697,0.1176470588235294,0.9610819339696304
885,deklarować,ogłaszać,6.71,8.0,0.336320161819458,6.614623367786408,0.5714285714285714,1.2041199826559248
886,czytać,rozumieć,0.29,4.29,0.39715230464935297,6.959317326545715,0.3333333333333333,1.2041199826559248
887,wziąć,opuścić,0.29,3.57,0.39708077907562256,6.958923041820526,0.16666666666666666,1.1072099696478683
888,obwieszczać,ogłaszać,9.29,9.71,0.5757384896278381,7.864351570606233,1.0,2.0
889,zdobyć,otrzymać,3.29,5.71,0.5553454160690308,7.7690696716308585,0.18181818181818185,1.3290587192642247
890,wywnioskować,decydować,1.86,4.43,0.26078498363494873,6.1608653515577325,0.2857142857142857,1.2041199826559248
891,prosić,błagać,7.57,8.57,0.5737087726593018,7.8549620509147635,0.9230769230769232,1.8061799739838869
892,argumentować,udowadniać,7.29,8.29,0.5388672947883606,7.690559923648834,0.9333333333333332,1.8061799739838869
893,prosić,apelować,7.0,8.29,0.4912521839141846,7.456069737672807,0.3333333333333333,1.1072099696478683
894,znaleźć,zniknąć,0.29,5.0,0.31376850605010986,6.482137143611907,0.18181818181818185,1.0280287236002434
895,sprawdzać,badać,5.29,7.43,0.44356954097747797,7.209886610507965,0.9090909090909092,1.8061799739838869
896,weryfikować,uzasadniać,2.71,6.0,0.4014986753463745,6.983237266540527,0.875,1.505149978319906
897,zakładać,przewidywać,6.14,7.29,0.5591958165168762,7.787219285964966,0.2857142857142857,1.1072099696478683
898,poznawać,oceniać,1.29,4.43,0.2468858957290649,6.074263006448746,0.3333333333333333,1.2041199826559248
899,argumentować,uzasadniać,8.86,9.57,0.7091705799102783,8.436472415924072,1.0,2.0
900,zrobić,zostać,0.29,0.29,0.2655339241027832,6.190234422683716,0.2857142857142857,1.505149978319906
901,odkrywać,pochodzić,0.0,0.57,0.14459097385406494,5.407165996730328,,
902,zwyciężyć,dokonać,3.14,6.43,0.28824400901794434,6.32911816239357,0.8333333333333334,1.505149978319906
903,dać,położyć,0.71,3.43,0.17837071418762207,5.633239671587943,0.15384615384615385,1.2041199826559248
904,rozumieć,słuchać,0.57,4.43,0.3175992965698242,6.504821926355362,0.75,1.505149978319906
905,rozwijać,rosnąć,3.14,5.14,0.487702488899231,7.438134253025055,0.16666666666666666,0.8061799739838872
906,pożyczać,sprzedawać,1.43,4.29,0.4018998146057129,6.985439956188202,0.3333333333333333,1.2041199826559248
907,trzymać,chronić,1.71,3.71,0.27663588523864746,6.258450448513031,0.2222222222222222,1.1072099696478683
908,wyjaśniać,udowadniać,5.43,6.86,0.4361926317214966,7.1707846224308005,0.8571428571428571,1.505149978319906
909,założyć,udawać,0.0,2.57,0.20556056499481198,5.811066627502441,0.18181818181818185,0.9610819339696304
910,zgadzać,zadowalać,0.0,0.86,0.4274771213531494,7.124236971139907,0.14285714285714285,0.9030899869919436
911,wybaczyć,zapomnieć,3.14,4.57,0.5034478306770325,7.5172096490859985,0.8571428571428571,1.505149978319906
912,wyjaśniać,tłumaczyć,9.29,9.71,0.7914827466011047,8.745008707046509,1.0,2.0
913,zrozumieć,wybaczyć,1.14,4.29,0.5226036906242371,7.611741721630096,0.7142857142857143,1.2041199826559248
914,przypomnieć,zapomnieć,1.0,7.0,0.5264406204223633,7.630455493927003,0.15384615384615385,0.9610819339696304
915,dostać,pozostać,0.0,0.86,0.406105637550354,7.008488178253174,0.15384615384615385,0.9030899869919436
916,zrozumieć,odkryć,1.71,3.86,0.26545011997222895,6.189717054367065,0.2,1.0280287236002434
917,wymagać,dociekać,0.0,1.71,0.1247349977493286,5.2716158889234075,0.25,1.0280287236002434
918,ignorować,pytać,0.14,2.0,0.3189697265625,6.512919217348099,0.18181818181818185,1.0280287236002434
919,myśleć,pytać,0.57,3.86,0.4634511470794678,7.313916087150574,0.25,1.1072099696478683
920,odrzucać,unikać,1.29,4.57,0.30719423294067383,6.443036496639253,0.2,0.9610819339696304
921,argumentować,przekonywać,7.29,8.57,0.8311197757720947,8.881498277187347,0.15384615384615385,0.9610819339696304
922,dążyć,przekonywać,2.0,3.86,0.35529136657714844,6.724105328321457,0.2222222222222222,1.0280287236002434
923,akceptować,wybaczać,1.86,4.71,0.35878705978393555,6.7440830171108255,0.2222222222222222,0.9610819339696304
924,robić,rezygnować,0.0,0.86,0.3528101444244385,6.709889024496079,0.2857142857142857,1.505149978319906
925,przebadać,zbadać,7.43,8.0,0.7595230340957642,8.629234731197357,0.9333333333333332,1.8061799739838869
926,dyskutować,wyjaśniać,1.71,5.0,0.2943089008331299,6.365772932767867,0.5,1.0280287236002434
927,zawdzięczać,pożyczać,1.14,2.86,0.2173600196838379,5.8870868384838095,,
928,poszukiwać,odkrywać,2.43,6.71,0.476773738861084,7.382520288228989,0.2,0.9030899869919436
929,narzekać,kwestionować,1.57,4.0,0.2817535400390625,6.2896884977817535,0.2222222222222222,1.1072099696478683
930,wycofywać,odrzucać,1.43,3.43,0.32185983657836914,6.529964506626129,0.16666666666666666,1.0280287236002434
931,trzymać,pożyczać,0.0,1.86,0.2931462526321411,6.3587598502635965,0.2857142857142857,1.1072099696478683
932,upraszać,błagać,7.43,9.57,0.4527828693389893,7.258340567350388,0.26666666666666666,0.9030899869919436
933,aranżować,organizować,5.14,6.43,0.3677650690078736,6.795110255479813,0.6666666666666666,1.2041199826559248
934,zmniejszyć,kurczyć,7.43,8.57,0.4665230512619018,7.329813539981843,0.15384615384615385,1.1072099696478683
935,mówić,przyznawać,2.71,4.29,0.4272887706756592,7.123227119445801,0.7142857142857143,1.2041199826559248
936,dać,pożyczyć,3.71,6.29,0.18617892265319824,5.684685409069061,0.8333333333333334,1.505149978319906
937,zabijać,bronić,0.0,4.57,0.32349133491516113,6.539568603038787,0.6153846153846154,1.2041199826559248
938,znikać,maleć,4.71,6.0,0.3905029296875,6.9225405156612405,0.2222222222222222,0.9610819339696304
939,dostarczyć,przynieść,7.14,8.14,0.3420919179916382,6.6481223702430725,0.5454545454545454,1.1072099696478683
940,oddychać,dławić,0.43,5.43,0.3891265392303467,6.914899945259094,0.25,1.1072099696478683
941,uznawać,powiadamiać,0.0,1.14,0.18852674961090088,5.700094923377037,0.18181818181818185,1.0280287236002434
942,zostawać,wyglądać,0.0,0.29,0.18625271320343015,5.685170143842697,0.3333333333333333,1.2041199826559248
943,udawać,wyglądać,0.43,2.0,0.22507190704345706,5.936396047472954,0.2222222222222222,1.0280287236002434
944,osiągać,zostawać,2.29,2.0,0.2440527677536011,6.056491211056709,0.2857142857142857,1.2041199826559248
945,kontemplować,myśleć,6.71,7.86,0.3371148109436035,6.619245558977128,0.8,1.8061799739838869
946,określić,przewidzieć,2.57,5.0,0.4346040487289429,7.1623289585113525,0.25,1.1072099696478683
947,dogadzać,zabawiać,3.29,4.57,0.4695577621459961,7.345471829175949,0.16666666666666666,0.8061799739838872
948,pozostawać,utrzymywać,1.71,3.14,0.45470023155212397,7.26837158203125,0.25,1.3290587192642247
949,udawać,grać,5.14,5.0,0.26184844970703125,6.167451739311218,0.6,1.2041199826559248
950,zapominać,utrzymywać,0.0,0.29,0.2266261577606201,5.9462978690862665,0.5454545454545454,1.1072099696478683
951,chcieć,wybierać,1.14,3.86,0.2447315454483032,6.060752794146537,0.25,1.2041199826559248
952,stracić,dostać,0.86,6.0,0.4557596445083618,7.273905426263808,0.16666666666666666,0.9610819339696304
953,próbować,myśleć,0.0,3.71,0.2941348552703857,6.3647231459617615,0.3333333333333333,1.505149978319906
954,zostawać,pojawiać,0.0,1.86,0.42380452156066895,7.104508280754089,0.3333333333333333,1.3290587192642247
955,opuścić,zignorować,3.14,3.57,0.2634671926498413,6.1774665862321845,0.2,1.1072099696478683
956,akceptować,rekomendować,1.57,3.0,0.4244433641433716,7.107945382595062,0.16666666666666666,0.8519374645445623
957,opuścić,wędrować,0.57,2.43,0.35914289951324463,6.746113002300263,0.25,1.1072099696478683
958,zachować,oddać,0.86,4.71,0.27063333988189703,6.221644505858421,0.7692307692307693,1.3290587192642247
959,dawać,pozwalać,1.86,3.57,0.5673247575759888,7.825292646884918,0.18181818181818185,1.3290587192642247
960,przynosić,wysyłać,0.86,4.14,0.3094397783279419,6.456415802240372,0.4444444444444444,1.1072099696478683
961,chłonąć,poznawać,5.71,6.43,0.3454890251159668,6.667761504650116,0.3333333333333333,1.2041199826559248
962,zdobyć,znaleźć,2.29,4.29,0.4027317762374878,6.990006119012832,0.9333333333333332,1.8061799739838869
963,opuścić,wyglądać,0.0,0.0,0.16000878810882568,5.511058643460274,0.2222222222222222,0.9610819339696304
964,tworzyć,niszczyć,0.71,6.71,0.29868268966674805,6.392091512680054,0.2222222222222222,1.2041199826559248
965,zaczynać,iść,0.0,0.29,0.3098175525665283,6.458664387464522,0.4,1.3290587192642247
966,dostać,kupić,2.86,4.43,0.3795509338378906,6.861485093832017,0.9411764705882352,1.8061799739838869
967,zbierać,odkładać,5.86,7.29,0.3903992176055908,6.921965330839157,0.5454545454545454,1.1072099696478683
968,zastępować,przywrócić,0.43,2.43,0.3639724254608154,6.773603707551956,0.25,1.1072099696478683
969,dołączać,dodawać,6.57,7.86,0.359155535697937,6.746184974908829,0.9230769230769232,1.8061799739838869
970,połączyć,poślubić,3.71,6.0,0.17853045463562012,5.634296014904977,0.75,1.505149978319906
971,przyjmować,dostarczać,0.43,4.14,0.32690274715423584,6.559607982635497,0.25,1.2041199826559248
972,przyłączać,dołączać,8.43,9.29,0.5448040366172789,7.719002068042755,0.2,1.0280287236002434
973,położyć,powiesić,0.71,4.43,0.1665252447128296,5.554613284766674,0.8571428571428571,1.505149978319906
974,iść,sprzedawać,0.0,0.14,0.2401943206787109,6.032224223017693,0.2857142857142857,1.1072099696478683
975,komunikować,modlić,0.29,1.0,0.2175377607345581,5.888226106762887,0.3636363636363637,0.9610819339696304
976,dawać,kraść,0.57,2.71,0.17622172832489014,5.619027726352215,0.2222222222222222,1.1072099696478683
977,dodawać,budować,0.43,2.14,0.2350020408630371,5.999450832605362,0.2222222222222222,1.3290587192642247
978,przynieść,odtworzyć,0.0,0.71,0.15927577018737793,5.506146177649498,0.4615384615384616,0.9610819339696304
979,zrozumieć,zaspokoić,0.0,1.57,0.3469306230545044,6.6760775446891785,0.18181818181818185,1.0280287236002434
980,przedstawiać,decydować,0.0,0.29,0.23029279708862305,5.969609841704369,0.2857142857142857,1.2041199826559248
981,organizować,zostawać,0.0,0.0,0.25463783740997314,6.12268291413784,0.2222222222222222,0.9610819339696304
982,dawać,wiedzieć,0.0,0.0,0.24004006385803225,6.031252220273018,0.2857142857142857,1.1072099696478683
983,mówić,weryfikować,0.0,0.86,0.2731573581695557,6.237142831087112,0.5882352941176471,1.1072099696478683
984,współpracować,dołączyć,0.0,2.57,0.4753077030181885,7.375014275312424,0.18181818181818185,1.0280287236002434
985,organizować,wymagać,0.43,2.14,0.1936594247817993,5.733685716986656,0.18181818181818185,0.8519374645445623
986,pożyczyć,chcieć,0.0,1.43,0.28934693336486816,6.335797607898713,0.2,0.9610819339696304
987,badać,dążyć,0.57,3.0,0.2213611602783203,5.9127070009708405,0.2222222222222222,1.0280287236002434
988,ignorować,odkrywać,0.0,2.57,0.2624232769012451,6.171009391546249,0.18181818181818185,0.9610819339696304
989,wnosić,narzekać,0.0,0.29,0.19219696521759036,5.724128484725952,0.8,1.3290587192642247
990,wchodzić,zawdzięczać,0.0,0.0,0.1843024492263794,5.672350153326987,,
991,przedstawiać,zawiadamiać,2.71,4.86,0.15773499011993408,5.495811924338341,0.7692307692307693,1.3290587192642247
992,przypominać,sprzedawać,0.0,0.0,0.2426866292953491,6.047907918691635,0.3333333333333333,1.2041199826559248
993,wchłaniać,posiadać,0.0,2.0,0.2256007194519043,5.939766392111777,0.2222222222222222,0.9610819339696304
994,dołączyć,zdobyć,0.43,2.29,0.3794513940811157,6.860926896333695,0.16666666666666666,1.1072099696478683
995,wysyłać,uczestniczyć,0.0,0.86,0.3323124647140503,6.591264456510544,0.2,1.2041199826559248
996,zbierać,uczestniczyć,0.0,0.71,0.2460155487060547,6.068807765841483,0.2,1.3290587192642247
997,pochłonąć,wycofać,0.0,0.57,0.2301203012466431,5.968513861298561,0.1176470588235294,0.9610819339696304
998,uczestniczyć,przybyć,0.57,3.43,0.4213763475418091,7.091427594423294,0.2,0.9610819339696304
