nr,word1,word2,similarity,relatedness,wu_palmer,leacock_chodorow
1,stary,nowy,0.43,7.29,0.3333333333333333,1.2041199826559248
2,bystry,inteligentny,8.86,9.71,0.75,1.505149978319906
3,ciężki,trudny,4.86,7.29,0.2857142857142857,1.1072099696478683
4,szczęśliwy,radosny,8.14,8.86,0.25,1.0280287236002434
5,łatwy,męczący,0.43,6.43,0.18181818181818182,1.0280287236002434
6,szybki,gwałtowny,3.71,7.0,0.25,1.2041199826559248
7,szczęśliwy,zadowolony,6.29,8.14,0.2857142857142857,1.1072099696478683
8,krótki,długi,0.43,7.43,0.5,1.505149978319906
9,głupi,tępy,7.57,9.14,0.2857142857142857,1.1072099696478683
10,dziwny,niesamowity,4.57,6.14,0.5714285714285714,1.505149978319906
11,szeroki,wąski,0.43,7.43,0.4,1.3290587192642247
12,zły,okropny,6.57,8.29,0.2857142857142857,1.1072099696478683
13,łatwy,uciążliwy,0.14,4.43,0.2,1.1072099696478683
14,zły,straszny,6.29,8.29,0.2857142857142857,1.1072099696478683
15,skomplikowany,prosty,0.14,6.14,0.25,1.0280287236002434
16,bystry,tępy,0.14,6.43,0.2857142857142857,1.1072099696478683
17,obłąkany,zwariowany,7.29,8.29,0.3333333333333333,1.2041199826559248
18,szczęśliwy,wściekły,0.14,5.29,0.2222222222222222,0.9610819339696304
19,wielki,olbrzymi,9.14,9.57,0.5,1.505149978319906
20,twardy,ciężki,1.86,5.57,0.4,1.3290587192642247
21,nowy,świeży,6.43,8.57,0.3333333333333333,1.2041199826559248
22,ostry,tępy,0.43,7.43,0.2857142857142857,1.1072099696478683
23,prędki,gwałtowny,4.29,6.43,0.2222222222222222,1.1072099696478683
24,tępy,głupawy,8.29,8.71,0.4,1.3290587192642247
25,cudowny,wspaniały,9.14,9.86,0.25,1.2041199826559248
26,dziwaczny,osobliwy,8.29,8.71,0.8571428571428571,1.806179973983887
27,szczęśliwy,zły,0.14,5.57,0.2222222222222222,0.9610819339696304
28,wąski,rozległy,0.43,6.86,0.3333333333333333,1.2041199826559248
29,prosty,łatwy,8.86,9.0,0.25,1.0280287236002434
30,stary,świeży,0.14,5.71,0.3333333333333333,1.2041199826559248
31,widoczny,oczywisty,7.0,7.29,0.25,1.0280287236002434
32,niedrogi,tani,8.71,9.43,0.25,1.2041199826559248
33,miły,wielkoduszny,3.0,5.14,0.2,1.0280287236002434
34,dziwny,normalny,0.43,7.43,0.25,1.1072099696478683
35,dziwny,osobliwy,8.71,8.86,1.0,2.0
36,zły,niemoralny,5.86,8.29,0.36363636363636365,0.9610819339696304
37,smutny,zabawny,0.43,5.57,0.5,1.505149978319906
38,wspaniały,świetny,9.14,9.14,0.5,1.2041199826559248
39,winny,zawstydzony,0.57,4.43,0.3333333333333333,1.2041199826559248
40,piękny,wspaniały,6.43,8.14,0.4,1.0280287236002434
41,przeświadczony,pewny,7.29,7.86,0.3333333333333333,1.2041199826559248
42,głupol,tępy,7.43,8.14,0.2222222222222222,0.9610819339696304
43,wielki,duży,8.71,9.0,0.5,1.505149978319906
44,miły,okrutny,0.43,5.86,0.18181818181818182,0.9610819339696304
45,niecierpliwy,niespokojny,4.71,6.57,0.4,1.3290587192642247
46,duży,szeroki,4.86,7.86,0.5,1.505149978319906
47,silny,dumny,0.43,2.71,0.3333333333333333,1.2041199826559248
48,niepotrzebny,potrzebny,0.43,7.43,0.5,1.505149978319906
49,niespokojny,młody,0.43,2.71,0.5,1.505149978319906
50,głupi,inteligentny,0.43,7.29,0.2857142857142857,1.1072099696478683
51,zły,świetny,0.29,5.57,0.2857142857142857,1.1072099696478683
52,trudny,prosty,0.14,6.29,0.2222222222222222,0.9610819339696304
53,potrzebny,ważny,6.86,7.43,0.25,1.2041199826559248
54,zły,niesamowity,0.29,3.86,0.25,1.0280287236002434
55,szalony,zadowolony,0.29,2.71,0.4,1.3290587192642247
56,uczciwy,winny,0.43,3.43,0.3333333333333333,1.2041199826559248
57,łatwy,trudny,0.14,6.86,0.2222222222222222,1.0280287236002434
58,łatwy,elastyczny,1.57,2.29,0.3333333333333333,1.2041199826559248
59,niewątpliwy,pewny,7.43,8.0,0.25,1.0280287236002434
60,istotny,potrzebny,7.43,8.29,0.5,1.505149978319906
61,inny,normalny,0.43,6.29,0.2857142857142857,1.2041199826559248
62,chytry,mądry,2.14,4.57,0.3333333333333333,1.2041199826559248
63,istotny,ważny,9.43,9.57,0.25,1.2041199826559248
64,przykry,okrutny,4.0,5.71,0.36363636363636365,1.0280287236002434
65,dziecinny,głupi,4.86,6.71,0.25,1.0280287236002434
66,unikatowy,rzadki,9.0,9.0,0.3333333333333333,1.2041199826559248
67,przyjacielski,hojny,1.0,5.0,0.2,0.9030899869919435
68,delikatny,nieczuły,0.43,4.57,0.3333333333333333,1.2041199826559248
69,długi,wąski,0.29,5.57,0.4,1.3290587192642247
70,duży,ciężki,0.71,5.43,0.5,1.505149978319906
71,szorstki,chłodny,3.86,5.71,0.2857142857142857,1.1072099696478683
72,dziwaczny,dziwny,9.29,9.29,0.8571428571428571,1.806179973983887
73,nielegalny,niemoralny,0.71,4.0,0.2222222222222222,0.9610819339696304
74,zły,winny,2.0,4.29,0.3333333333333333,1.2041199826559248
75,nowoczesny,starożytny,0.14,6.43,0.4,1.3290587192642247
76,nowy,starożytny,0.14,6.0,0.4,1.3290587192642247
77,nudny,zabawny,0.14,5.86,0.3333333333333333,1.2041199826559248
78,szczęśliwy,młody,0.0,3.43,0.2857142857142857,1.1072099696478683
79,łatwy,duży,0.29,0.29,0.3333333333333333,1.2041199826559248
80,wspaniały,okropny,0.29,5.86,0.25,1.1072099696478683
81,malutki,ogromny,0.14,6.71,0.5,1.505149978319906
82,uprzejmy,odpowiedni,1.0,2.43,0.2222222222222222,1.0280287236002434
83,skromny,zawstydzony,1.86,3.71,0.2857142857142857,1.1072099696478683
84,egzotyczny,rzadki,5.43,7.29,0.4,1.3290587192642247
85,głupi,mądry,0.29,6.71,0.3333333333333333,1.2041199826559248
86,zachwycający,cudowny,9.0,9.71,0.25,1.2041199826559248
87,zauważalny,oczywisty,5.43,7.57,0.2857142857142857,1.3290587192642247
88,przestraszony,zalękniony,8.86,9.14,1.0,2.0
89,formalny,właściwy,1.71,3.29,0.2857142857142857,1.1072099696478683
90,ponury,nudny,0.57,3.14,0.2857142857142857,1.1072099696478683
91,zachwycający,wesoły,0.57,2.57,0.5,1.2041199826559248
92,nieszczęśliwy,szalony,0.43,4.43,0.3333333333333333,1.2041199826559248
93,smutny,straszny,0.43,1.57,0.4,1.3290587192642247
94,chory,zwariowany,2.14,4.43,0.4,1.3290587192642247
95,gwałtowny,gniewny,4.57,6.29,0.2,1.0280287236002434
96,obładowany,ciężki,2.29,5.57,N/A,N/A
97,brudny,tani,0.0,1.43,0.25,1.2041199826559248
98,elastyczny,giętki,9.29,9.29,1.0,2.0
99,twardy,gęsty,0.86,3.86,0.4,1.3290587192642247
100,niedawny,nowy,6.86,8.57,N/A,N/A
101,śmiały,dumny,1.14,4.14,0.6666666666666666,1.3290587192642247
102,dziwny,przebiegły,0.29,2.14,0.2857142857142857,1.1072099696478683
103,dziwny,chytry,1.43,2.0,0.2857142857142857,1.1072099696478683
104,głupi,rzadki,0.0,0.0,0.3333333333333333,1.2041199826559248
105,przebiegły,twardy,0.0,0.14,0.2857142857142857,1.1072099696478683
106,niesamowity,szalony,1.71,3.43,0.2857142857142857,1.3290587192642247
107,skromny,elastyczny,0.0,0.29,0.4,1.3290587192642247
108,świeży,rozległy,0.0,0.0,0.3333333333333333,1.2041199826559248
109,ogromny,głupi,0.0,0.0,0.3333333333333333,1.2041199826559248
110,wielki,elastyczny,0.29,0.57,0.5,1.505149978319906
111,brudny,wąski,0.0,0.86,0.4,1.3290587192642247
112,żona,mąż,2.14,8.43,0.6666666666666666,1.2041199826559248
113,książka,tekst,3.14,7.0,0.8,1.505149978319906
114,narzeczony,narzeczona,2.71,9.57,0.5882352941176471,1.3290587192642247
115,noc,dzień,0.29,7.43,0.3333333333333333,1.2041199826559248
116,południe,północ,0.29,7.43,0.875,1.505149978319906
117,samolot,lotnisko,0.57,8.57,0.375,1.0280287236002434
118,wuj,ciotka,2.43,9.29,0.6153846153846154,1.2041199826559248
119,koń,klacz,4.29,9.14,0.9411764705882353,1.806179973983887
120,dno,wierzch,0.29,7.57,0.2,1.1072099696478683
121,przyjaciel,kumpel,6.71,8.43,0.8,1.3290587192642247
122,student,uczeń,7.57,8.71,0.7272727272727273,1.505149978319906
123,świat,glob,7.14,9.0,0.25,1.0280287236002434
124,noga,ramię,0.29,8.0,0.18181818181818182,0.8519374645445623
125,samolot,odrzutowiec,6.71,9.57,0.9473684210526315,1.806179973983887
126,kobieta,mężczyzna,2.14,8.43,0.8333333333333334,1.505149978319906
127,koń,źrebak,7.57,9.29,0.5714285714285714,1.2041199826559248
128,aktorka,aktor,2.43,9.29,0.8333333333333334,1.505149978319906
129,nauczyciel,instruktor,7.29,9.0,0.8,1.806179973983887
130,film,kino,2.43,9.14,0.42857142857142855,0.9610819339696304
131,ptak,jastrząb,5.0,8.86,0.4444444444444444,1.505149978319906
132,słowo,słownik,0.43,8.29,0.4,0.9030899869919435
133,pieniądze,pensja,5.43,8.86,0.75,1.2041199826559248
134,pies,kot,1.14,7.29,0.875,1.505149978319906
135,obszar,region,9.0,9.43,0.25,1.505149978319906
136,flota,armia,3.71,7.86,0.5,1.2041199826559248
137,książka,literatura,3.14,9.14,0.2857142857142857,1.1072099696478683
138,ubranie,szafa,0.43,8.0,0.16666666666666666,0.9030899869919435
139,zachód,wschód,0.43,7.29,0.25,1.0280287236002434
140,dziecko,dorosły,0.86,7.0,0.7272727272727273,1.3290587192642247
141,krowa,bydło,5.86,9.14,0.11764705882352941,0.7647872888256622
142,książka,opowieść,4.57,7.43,0.6666666666666666,1.1072099696478683
143,zima,lato,0.43,7.29,0.75,1.505149978319906
144,taksówka,taryfa,6.29,8.86,0.18181818181818182,0.8519374645445623
145,drzewo,klon,4.86,8.0,0.13333333333333333,1.1072099696478683
146,łóżko,sypialnia,1.57,7.43,0.15384615384615385,0.9030899869919435
147,dach,sufit,1.71,6.57,0.18181818181818182,1.1072099696478683
148,schorzenie,infekcja,4.86,7.86,0.8,1.505149978319906
149,ramię,bark,3.86,8.43,0.15384615384615385,0.7647872888256622
150,owca,jagnię,7.43,9.14,0.9411764705882353,1.806179973983887
151,dama,dżentelmen,1.57,9.0,0.7272727272727273,1.3290587192642247
152,łódź,kotwica,0.0,8.43,N/A,N/A
153,ksiądz,mnich,4.29,8.14,0.8333333333333334,1.505149978319906
154,paluch,palec,7.71,8.86,0.8571428571428571,1.505149978319906
155,rzeka,strumień,7.57,9.14,0.8888888888888888,1.505149978319906
156,złość,furia,8.14,9.29,0.9473684210526315,1.806179973983887
157,data,kalendarz,0.57,7.86,0.2,0.9610819339696304
158,morze,ocean,4.71,9.0,0.8571428571428571,1.505149978319906
159,sekunda,minuta,2.71,9.14,1.0,2.0
160,dłoń,kciuk,1.43,8.57,0.2,0.9610819339696304
161,drewno,kłoda,5.29,9.0,0.8571428571428571,1.505149978319906
162,błoto,brud,3.57,7.86,0.2222222222222222,0.9610819339696304
163,hol,korytarz,8.71,9.57,0.8888888888888888,1.806179973983887
164,sposób,maniera,6.29,7.14,0.6666666666666666,1.2041199826559248
165,mysz,kot,0.86,7.14,0.5333333333333333,1.2041199826559248
166,gliniarz,szeryf,5.14,8.43,N/A,N/A
167,śmierć,pochówek,0.29,8.57,0.25,1.0280287236002434
168,muzyka,melodia,6.57,8.57,0.8888888888888888,1.806179973983887
169,piwo,alkohol,3.86,8.43,0.9090909090909091,1.806179973983887
170,usta,warga,5.14,8.57,0.75,1.505149978319906
171,burza,huragan,3.14,7.29,0.5714285714285714,1.3290587192642247
172,podatek,dochód,0.14,6.14,0.6,1.2041199826559248
173,kwiat,fiołek,4.57,8.0,0.9333333333333333,1.806179973983887
174,papier,tektura,3.29,7.57,0.9090909090909091,1.806179973983887
175,podłoga,sufit,0.43,6.86,0.8333333333333334,1.505149978319906
176,plaża,wybrzeże,3.71,7.86,0.16666666666666666,1.1072099696478683
177,karnisz,zasłona,0.0,8.0,0.13333333333333333,0.9030899869919435
178,ogar,lis,0.43,5.71,0.7619047619047619,1.1072099696478683
179,ulica,aleja,7.14,8.86,0.9333333333333333,1.806179973983887
180,łódź,pokład,1.14,8.14,0.2,0.9030899869919435
181,samochód,klakson,0.0,7.71,0.14285714285714285,0.9610819339696304
182,przyjaciel,gość,0.71,4.14,0.6153846153846154,1.2041199826559248
183,pracodawca,pracownik,0.0,8.57,0.7272727272727273,1.3290587192642247
184,dłoń,nadgarstek,1.43,8.86,N/A,N/A
185,kula,działo,0.29,8.29,0.7692307692307693,1.3290587192642247
186,alkohol,koniak,5.43,9.43,0.8333333333333334,1.505149978319906
187,zwycięstwo,triumf,9.71,9.71,0.2,0.9610819339696304
188,telefon,budka,0.29,5.71,0.14285714285714285,1.0280287236002434
189,drzwi,wejście,8.14,9.0,0.2,0.9030899869919435
190,motel,zajazd,7.29,8.57,0.8571428571428571,1.505149978319906
191,ubiór,tkanina,2.29,8.0,0.18181818181818182,1.2041199826559248
192,stek,mięso,5.86,8.57,0.7142857142857143,1.2041199826559248
193,paznokieć,kciuk,2.0,7.29,0.2,0.9610819339696304
194,zespół,orkiestra,6.29,7.71,0.5454545454545454,1.1072099696478683
195,książka,Biblia,2.29,6.71,0.25,1.1072099696478683
196,biznes,przemysł,4.86,7.86,0.25,1.0280287236002434
197,zima,sezon,3.71,7.14,0.8571428571428571,1.806179973983887
198,dekada,wiek,0.86,6.71,0.6666666666666666,1.505149978319906
199,alkohol,dżin,5.57,9.43,0.7692307692307693,1.3290587192642247
200,kapelusz,płaszcz,0.43,5.71,0.6,1.2041199826559248
201,okno,drzwi,1.0,7.0,0.18181818181818182,0.9610819339696304
202,ramię,nadgarstek,1.86,8.0,N/A,N/A
203,dom,apartament,5.0,8.14,0.18181818181818182,1.2041199826559248
204,szkło,kryształ,4.0,7.0,N/A,N/A
205,wino,koniak,2.14,8.86,0.7692307692307693,1.3290587192642247
206,twórca,wykonawca,3.71,7.86,0.9090909090909091,1.806179973983887
207,obiad,śniadanie,0.71,8.0,0.8571428571428571,1.505149978319906
208,ramię,mięsień,0.29,6.86,0.2857142857142857,1.2041199826559248
209,bąbelek,mydliny,2.43,6.71,N/A,N/A
210,chleb,mąka,0.71,7.14,0.7692307692307693,1.3290587192642247
211,śmierć,tragedia,2.71,7.29,0.2222222222222222,1.0280287236002434
212,nieobecność,obecność,0.43,7.43,0.2,1.3290587192642247
213,pistolet,działo,2.29,7.0,0.8333333333333334,1.505149978319906
214,trawa,źdźbło,3.43,8.57,0.15384615384615385,1.0280287236002434
215,piłka,kosz,0.0,6.71,0.25,1.0280287236002434
216,szlauch,ogród,0.0,6.71,0.18181818181818182,0.8519374645445623
217,chłopiec,dzieciak,5.14,7.43,0.2857142857142857,1.1072099696478683
218,kościół,chór,0.0,6.43,0.625,1.0280287236002434
219,ubrania,szuflada,0.0,5.71,0.2857142857142857,1.2041199826559248
220,wieża,dzwon,0.0,7.0,0.15384615384615385,1.1072099696478683
221,ojciec,rodzic,7.14,9.43,0.9230769230769231,1.806179973983887
222,szkoła,stopień,0.29,6.14,0.2222222222222222,0.9610819339696304
223,rodzic,dorosły,3.29,7.57,0.7272727272727273,1.3290587192642247
224,krata,więzienie,1.86,8.0,0.18181818181818182,0.8519374645445623
225,samochód,autostrada,0.0,8.14,0.375,0.8519374645445623
226,słownik,definicja,0.43,8.14,0.16666666666666666,0.9030899869919435
227,drzwi,piwnica,0.14,5.14,0.2222222222222222,1.0280287236002434
228,armia,legion,4.14,7.86,0.4444444444444444,1.3290587192642247
229,metal,aluminium,3.71,8.43,0.16666666666666666,0.8519374645445623
230,krzesło,ławka,1.57,8.14,0.875,1.505149978319906
231,obłok,mgła,3.0,6.86,0.25,1.3290587192642247
232,chłopiec,syn,5.29,7.86,0.7272727272727273,1.3290587192642247
233,woda,lód,2.43,8.14,0.2222222222222222,1.0280287236002434
234,łóżko,koc,0.0,6.86,0.6666666666666666,1.1072099696478683
235,adwokat,prawnik,6.0,9.14,0.9230769230769231,1.806179973983887
236,obszar,strefa,8.14,8.86,0.8571428571428571,1.806179973983887
237,biznes,firma,7.71,9.29,1.0,2.0
238,ubranie,materiał,2.0,8.29,0.25,1.0280287236002434
239,sweter,kurtka,1.86,6.57,0.6,1.2041199826559248
240,pieniądze,kapitał,5.43,8.29,0.9090909090909091,1.806179973983887
241,ręka,stopa,0.29,7.14,0.4,1.0280287236002434
242,alkohol,koktajl,2.86,6.57,0.7272727272727273,1.3290587192642247
243,jard,cal,1.57,8.71,0.8571428571428571,1.505149978319906
244,molekuła,atom,6.57,9.0,0.25,1.0280287236002434
245,obiektyw,aparat,1.86,9.14,0.6666666666666666,1.2041199826559248
246,posiłek,obiad,4.71,8.71,0.9230769230769231,1.806179973983887
247,oko,łza,0.14,7.86,0.2,0.9030899869919435
248,bóg,diabeł,0.14,8.14,0.6,1.2041199826559248
249,pętla,pasek,0.29,2.0,0.75,1.505149978319906
250,szczur,mysz,2.71,8.43,0.8571428571428571,1.505149978319906
251,motor,silnik,6.29,8.43,0.14285714285714285,1.0280287236002434
252,samochód,taksówka,4.14,8.14,0.15384615384615385,0.8519374645445623
253,kot,lew,3.29,7.71,0.9411764705882353,1.806179973983887
254,rozmiar,wielkość,7.29,9.71,1.0,2.0
255,rzeczywistość,fantazja,0.14,6.43,0.25,1.1072099696478683
256,drzwi,brama,4.57,8.57,0.2,1.505149978319906
257,kot,zwierzak,4.71,8.71,0.5714285714285714,1.1072099696478683
258,puszka,aluminium,1.29,7.71,0.15384615384615385,0.9030899869919435
259,kość,szczęka,1.57,7.43,0.2857142857142857,1.2041199826559248
260,zboże,pszenica,4.29,8.43,0.9333333333333333,1.806179973983887
261,dom,klucz,0.0,5.71,0.2,1.1072099696478683
262,krew,ciało,0.14,6.57,0.2222222222222222,0.9610819339696304
263,drzwi,korytarz,0.0,5.0,0.2222222222222222,1.0280287236002434
264,bóg,duch,1.86,6.0,0.8,1.505149978319906
265,zdolność,kompetencja,6.29,8.0,0.5454545454545454,1.3290587192642247
266,obfitość,dostatek,7.71,9.0,1.0,2.0
267,kanapa,krzesło,1.43,8.43,0.875,1.505149978319906
268,ściana,cegła,1.0,7.0,0.16666666666666666,1.1072099696478683
269,trąbka,bęben,1.0,8.0,0.625,1.0280287236002434
270,organ,wątroba,3.86,8.43,0.2,0.9030899869919435
271,siła,moc,8.43,9.43,0.5714285714285714,1.3290587192642247
272,fraza,słowo,4.29,8.14,0.6666666666666666,1.2041199826559248
273,zespół,parada,0.0,4.86,0.25,1.0280287236002434
274,żołądek,talia,0.0,2.57,0.2222222222222222,0.9610819339696304
275,chmura,burza,1.29,7.43,0.6666666666666666,1.505149978319906
276,radość,duma,0.71,4.43,0.14285714285714285,0.9030899869919435
277,hałas,grzechot,4.14,7.14,0.6666666666666666,1.3290587192642247
278,deszcz,mgła,1.57,5.57,0.5714285714285714,1.3290587192642247
279,piwo,napój,3.43,8.14,0.8,1.505149978319906
280,mężczyzna,wujek,3.43,7.86,0.7272727272727273,1.3290587192642247
281,jabłko,sok,0.0,5.29,0.18181818181818182,1.1072099696478683
282,inteligencja,logika,3.86,6.57,0.8,1.505149978319906
283,komunikacja,język,2.57,7.57,0.2222222222222222,1.1072099696478683
284,norka,futro,1.71,7.43,0.16666666666666666,0.8519374645445623
285,motłoch,tłum,6.43,8.29,0.46153846153846156,1.3290587192642247
286,brzeg,wybrzeże,7.71,9.14,0.2222222222222222,1.1072099696478683
287,drut,sznur,2.71,3.86,0.16666666666666666,1.1072099696478683
288,ptak,indyk,3.43,8.29,0.1111111111111111,0.8519374645445623
289,łóżko,łóżeczko,8.57,9.71,0.875,1.505149978319906
290,kompetencja,umiejętność,7.29,8.57,0.8571428571428571,1.806179973983887
291,chmura,mgiełka,3.57,6.43,N/A,N/A
292,kolacja,posiłek,4.43,8.86,0.9230769230769231,1.806179973983887
293,pręt,klatka,0.86,6.86,0.7142857142857143,1.2041199826559248
294,woda,sól,0.0,4.43,0.2,0.9030899869919435
295,zmysł,intuicja,6.14,8.14,0.75,1.505149978319906
296,sytuacja,stan,6.14,7.57,0.2857142857142857,1.2041199826559248
297,przestępstwo,kradzież,6.0,8.43,0.9090909090909091,1.806179973983887
298,styl,moda,5.43,8.29,0.2857142857142857,1.1072099696478683
299,rubież,granica,7.57,9.0,0.2222222222222222,1.1072099696478683
300,ramię,ciało,1.14,7.86,0.2,0.9030899869919435
301,łódź,samochód,0.71,6.0,0.6153846153846154,1.1072099696478683
302,kanapka,lunch,1.0,7.14,0.7142857142857143,1.2041199826559248
303,narzeczona,księżniczka,1.0,2.71,0.625,1.0280287236002434
304,bohaterka,bohater,3.14,9.29,N/A,N/A
305,samochód,wskaźnik,0.0,4.57,0.18181818181818182,0.9030899869919435
306,owad,pszczoła,4.71,8.43,0.8235294117647058,1.3290587192642247
307,łóżeczko,kołyska,5.71,8.57,0.8235294117647058,1.3290587192642247
308,zwierzę,człowiek,1.57,4.43,0.34782608695652173,1.3290587192642247
309,marihuana,zioło,7.29,8.86,1.0,2.0
310,łóżko,szpital,0.0,6.43,0.15384615384615385,0.8519374645445623
311,policzek,język,0.43,5.57,0.18181818181818182,0.9030899869919435
312,dysk,komputer,0.14,7.57,0.6666666666666666,1.1072099696478683
313,krzywa,kąt,1.29,5.71,0.2222222222222222,1.1072099696478683
314,trawa,mech,2.0,6.29,0.8,1.3290587192642247
315,szkoła,prawo,0.0,2.57,0.25,1.0280287236002434
316,stopa,głowa,0.29,6.0,0.5,1.2041199826559248
317,matka,opiekunka,5.57,8.0,0.2222222222222222,1.2041199826559248
318,ortodonta,dentysta,3.29,8.86,0.9411764705882353,1.806179973983887
319,alkohol,whisky,3.29,8.57,0.7692307692307693,1.3290587192642247
320,usta,ząb,1.43,7.14,0.6666666666666666,1.2041199826559248
321,śniadanie,bekon,0.29,4.71,0.125,0.9610819339696304
322,łazienka,sypialnia,0.29,6.57,0.6666666666666666,1.3290587192642247
323,talerz,miska,1.71,7.43,0.875,1.505149978319906
324,mięso,bekon,3.14,8.29,0.7142857142857143,1.2041199826559248
325,powietrze,hel,1.43,5.71,0.5454545454545454,1.1072099696478683
326,robotnik,pracodawca,1.0,7.29,0.7272727272727273,1.3290587192642247
327,ciało,pierś,2.29,7.14,0.25,1.0280287236002434
328,syn,ojciec,1.14,8.57,0.6153846153846154,1.1072099696478683
329,serce,operacja,0.0,4.29,0.2857142857142857,1.1072099696478683
330,kobieta,sekretarka,2.14,6.0,0.25,1.1072099696478683
331,mężczyzna,ojciec,2.71,7.57,0.6666666666666666,1.2041199826559248
332,plaża,wyspa,0.57,6.14,0.16666666666666666,0.9610819339696304
333,opowiadanie,temat,0.14,4.86,0.18181818181818182,0.9030899869919435
334,gra,zabawa,7.43,8.71,0.7142857142857143,1.2041199826559248
335,weekend,tydzień,0.71,7.86,0.4,1.3290587192642247
336,para,duet,9.0,9.57,1.0,2.0
337,kobieta,żona,3.14,7.57,0.8333333333333334,1.505149978319906
338,owca,bydło,0.71,4.57,0.11764705882352941,0.7269987279362623
339,torebka,torba,8.43,9.43,0.9333333333333333,1.806179973983887
340,sufit,katedra,0.29,4.14,0.16666666666666666,0.9030899869919435
341,ziarno,kawa,1.14,7.14,0.18181818181818182,0.9610819339696304
342,drewno,papier,0.57,5.57,0.7272727272727273,1.3290587192642247
343,wierzch,strona,2.29,5.0,0.8571428571428571,1.806179973983887
344,przestępstwo,oszustwo,6.0,8.14,0.2857142857142857,1.505149978319906
345,ból,rana,0.57,7.43,0.36363636363636365,0.9610819339696304
346,kochanek,towarzysz,2.86,5.14,0.5714285714285714,1.1072099696478683
347,wieczór,zmierzch,6.43,8.29,0.25,1.0280287236002434
348,ojciec,córka,0.43,8.57,0.6666666666666666,1.1072099696478683
349,wino,trunek,4.57,8.14,0.9090909090909091,1.806179973983887
350,krowa,koza,0.86,6.86,0.7058823529411765,1.3290587192642247
351,wiara,opinia,2.14,3.57,0.4,1.0280287236002434
352,rzeczywistość,iluzja,0.71,6.71,0.25,1.0280287236002434
353,pakt,porozumienie,8.29,9.14,0.7272727272727273,1.3290587192642247
354,bogactwo,bieda,0.43,7.43,0.3333333333333333,1.2041199826559248
355,wypadek,awaria,3.29,6.57,0.6666666666666666,1.505149978319906
356,bitwa,podbój,3.71,7.14,0.16666666666666666,0.8519374645445623
357,przyjaciel,nauczyciel,0.86,3.43,0.5714285714285714,1.1072099696478683
358,choroba,infekcja,6.29,8.14,0.8,1.505149978319906
359,gra,sztuczka,3.14,4.29,0.16666666666666666,1.0280287236002434
360,brat,syn,1.43,6.71,0.6666666666666666,1.2041199826559248
361,ciotka,siostrzeniec,0.57,7.14,0.6153846153846154,1.2041199826559248
362,robotnik,mechanik,4.43,7.0,0.8333333333333334,1.505149978319906
363,lekarz,ortodonta,3.86,7.43,0.5333333333333333,1.3290587192642247
364,dąb,klon,2.43,7.43,0.8888888888888888,1.505149978319906
365,pszczoła,królowa,0.71,5.14,N/A,N/A
366,samochód,rower,0.71,6.71,0.7058823529411765,1.2041199826559248
367,cel,poszukiwanie,0.14,5.0,0.25,1.0280287236002434
368,sierpień,miesiąc,3.29,8.86,0.8571428571428571,1.806179973983887
369,armia,brygada,3.43,7.0,0.4444444444444444,1.3290587192642247
370,chmura,pogoda,0.29,7.0,0.6666666666666666,1.505149978319906
371,lekarz,doktor,8.86,9.57,1.0,2.0
372,kanion,dolina,5.71,8.29,0.8,1.505149978319906
373,rzeka,dolina,0.14,5.71,0.16666666666666666,0.9610819339696304
374,słońce,niebo,0.29,8.57,0.25,1.0280287236002434
375,cel,strzała,0.0,6.0,0.2,1.0280287236002434
376,czekolada,ciasto,0.86,5.57,0.2,1.1072099696478683
377,okoliczność,sytuacja,7.57,8.57,0.3333333333333333,1.2041199826559248
378,opinia,wybór,0.14,5.0,0.2,0.9030899869919435
379,rytm,melodia,1.86,8.14,0.2222222222222222,1.3290587192642247
380,jelito,nerw,0.29,2.71,0.2222222222222222,0.9610819339696304
381,dzień,świt,3.14,7.29,0.3333333333333333,1.2041199826559248
382,bydło,wołowina,1.0,6.14,0.125,0.8519374645445623
383,doktor,profesor,2.57,8.86,0.5714285714285714,1.1072099696478683
384,ramię,żyła,0.29,4.0,0.5454545454545454,1.1072099696478683
385,pokój,łazienka,2.57,6.29,0.75,1.505149978319906
386,korporacja,biznes,3.29,6.71,0.7058823529411765,1.1072099696478683
387,rozrywka,futbol,1.86,5.29,0.2,1.2041199826559248
388,wzgórze,klif,1.57,5.57,0.18181818181818182,0.9610819339696304
389,kość,kostka,5.86,8.0,0.18181818181818182,0.9610819339696304
390,jabłko,cukierek,0.29,3.29,0.5714285714285714,1.1072099696478683
391,pomocnik,służący,3.86,6.43,0.6666666666666666,1.2041199826559248
392,lider,menedżer,5.86,7.57,0.6153846153846154,1.1072099696478683
393,cytryna,herbata,0.14,6.43,0.15384615384615385,0.8519374645445623
394,pszczoła,mrówka,1.57,6.71,0.9,1.505149978319906
395,koszykówka,bejsbol,1.0,7.14,0.16666666666666666,0.8061799739838872
396,ryż,ziarnko,1.71,6.29,0.15384615384615385,1.1072099696478683
397,łóżko,mebel,3.29,7.86,0.9333333333333333,1.806179973983887
398,emocja,pasja,4.86,6.14,0.2,1.1072099696478683
399,anarchia,chaos,6.71,8.29,0.5714285714285714,1.505149978319906
400,przestępstwo,naruszenie,4.0,6.57,0.2222222222222222,1.0280287236002434
401,maszyna,silnik,3.0,6.71,0.8,1.3290587192642247
402,plaża,morze,0.14,8.14,0.14285714285714285,1.0280287236002434
403,kręgielnia,kula,0.0,7.71,0.6153846153846154,1.1072099696478683
404,słoik,butelka,1.71,6.57,0.875,1.505149978319906
405,siła,zdolność,2.0,4.29,0.6666666666666666,1.505149978319906
406,nasiona,musztarda,0.0,2.43,0.2,1.3290587192642247
407,gitara,bęben,1.14,6.57,0.625,1.0280287236002434
408,opinia,idea,1.43,3.57,0.25,1.0280287236002434
409,północ,zachód,0.43,7.29,0.16666666666666666,0.9030899869919435
410,dieta,sałatka,0.14,5.71,0.15384615384615385,0.9030899869919435
411,matka,żona,3.0,8.29,0.75,1.2041199826559248
412,tata,matka,2.43,8.86,0.8571428571428571,1.505149978319906
413,kapitan,żeglarz,4.86,8.0,N/A,N/A
414,metr,jard,1.86,8.57,0.7142857142857143,1.3290587192642247
415,piwo,szampan,1.29,8.14,0.7142857142857143,1.2041199826559248
416,silnik,łódź,0.0,5.57,0.16666666666666666,0.9610819339696304
417,karta,brydż,0.71,8.71,0.2857142857142857,1.1072099696478683
418,nauka,psychologia,2.86,7.0,0.875,1.505149978319906
419,grzesznik,święty,0.29,6.14,0.6666666666666666,1.2041199826559248
420,destrukcja,konstrukcja,0.86,6.14,0.25,1.1072099696478683
421,tłum,zgraja,6.14,7.43,0.7272727272727273,1.3290587192642247
422,plaża,rafa,0.14,3.43,0.18181818181818182,0.9030899869919435
423,mężczyzna,dziecko,1.0,4.43,0.7272727272727273,1.3290587192642247
424,chleb,ser,0.71,5.29,0.7692307692307693,1.3290587192642247
425,mistrz,zwycięzca,5.71,6.86,0.9230769230769231,1.806179973983887
426,uroczystość,ceremonia,8.71,9.29,0.8571428571428571,1.806179973983887
427,menu,zamówienie,0.43,6.43,0.18181818181818182,0.8519374645445623
428,król,księżniczka,1.14,8.14,0.5333333333333333,0.9610819339696304
429,bogactwo,prestiż,1.29,6.43,0.2,0.9030899869919435
430,wytrzymałość,siła,4.29,6.43,0.6666666666666666,1.505149978319906
431,niebezpieczeństwo,zagrożenie,9.29,9.71,0.25,1.0280287236002434
432,bóg,ksiądz,0.0,6.0,0.6,1.2041199826559248
433,mężczyźni,bractwo,2.43,5.14,0.16666666666666666,0.9610819339696304
434,kumpel,kompan,7.71,8.57,0.8421052631578947,1.806179973983887
435,nauczyciel,pomocnik,0.71,3.43,0.6666666666666666,1.2041199826559248
436,ciało,żołądek,0.43,6.14,0.2222222222222222,0.9610819339696304
437,język,gardło,1.0,5.43,0.18181818181818182,0.9030899869919435
438,dom,dywan,0.14,4.14,0.375,1.0280287236002434
439,inteligencja,umiejętność,3.71,6.14,0.5714285714285714,1.3290587192642247
440,podróż,podbój,1.29,4.0,0.14285714285714285,0.8519374645445623
441,bóg,modlitwa,0.0,8.29,0.25,1.0280287236002434
442,brat,dusza,0.0,1.14,0.6666666666666666,1.2041199826559248
443,adwersarz,oponent,9.43,9.86,0.9090909090909091,1.806179973983887
444,śmierć,katastrofa,1.86,6.71,0.2857142857142857,1.2041199826559248
445,potwór,demon,6.86,8.14,0.6,1.2041199826559248
446,dzień,poranek,4.14,8.57,N/A,N/A
447,człowiek,zwycięzca,1.29,4.29,0.8,1.505149978319906
448,znajomy,facet,3.71,5.29,0.7272727272727273,1.3290587192642247
449,piosenka,opowieść,1.86,4.0,0.7142857142857143,1.2041199826559248
450,promień,słońce,2.57,8.14,0.4444444444444444,1.1072099696478683
451,facet,ogier,0.86,2.71,0.3076923076923077,1.0280287236002434
452,kurczak,ryż,0.29,5.71,0.125,0.8519374645445623
453,kabina,winda,3.29,6.43,0.16666666666666666,1.1072099696478683
454,masło,ziemniak,0.29,5.86,0.46153846153846156,1.1072099696478683
455,mieszkanie,meble,0.14,7.0,0.18181818181818182,0.9030899869919435
456,jezioro,bagno,1.57,5.0,0.16666666666666666,1.0280287236002434
457,sałatka,ocet,0.14,5.29,0.15384615384615385,1.2041199826559248
458,kwiat,cebulka,0.29,5.86,N/A,N/A
459,chmura,mgła,2.71,6.57,0.6666666666666666,1.505149978319906
460,kierowca,pilot,3.43,6.57,0.6153846153846154,1.2041199826559248
461,cukier,miód,1.57,6.71,0.8333333333333334,1.505149978319906
462,ciało,bark,1.71,7.86,0.15384615384615385,0.7647872888256622
463,idea,wyobrażenie,6.43,7.71,0.6666666666666666,1.3290587192642247
464,ojciec,brat,1.43,7.29,0.7692307692307693,1.3290587192642247
465,księżyc,planeta,2.43,6.86,0.7272727272727273,1.3290587192642247
466,bal,kostium,0.0,7.0,0.14285714285714285,0.8519374645445623
467,barierka,płot,6.0,7.86,0.7142857142857143,1.2041199826559248
468,pokój,łóżko,0.0,5.71,0.16666666666666666,0.9610819339696304
469,kwiat,krzew,2.29,6.86,0.8,1.505149978319906
470,kość,kolano,0.43,6.57,0.5714285714285714,1.3290587192642247
471,ramię,kolano,0.43,6.29,0.5,1.2041199826559248
472,dno,strona,0.71,1.71,0.2222222222222222,1.2041199826559248
473,naczynie,żyła,2.29,3.43,0.9090909090909091,1.806179973983887
474,kot,królik,0.71,6.71,0.5714285714285714,1.2041199826559248
475,mięso,kanapka,0.29,4.71,0.7692307692307693,1.3290587192642247
476,wiara,koncept,2.29,4.43,0.2222222222222222,1.0280287236002434
477,inteligencja,wnikliwość,2.29,6.14,0.8,1.505149978319906
478,uwaga,zainteresowanie,7.0,7.86,0.2,0.9030899869919435
479,postawa,pewność,1.14,3.43,0.2222222222222222,1.1072099696478683
480,słuszność,sprawiedliwość,3.43,5.71,0.5714285714285714,1.3290587192642247
481,prawo,zgoda,0.29,3.43,0.2222222222222222,0.9610819339696304
482,głębokość,wielkość,1.43,6.29,0.8571428571428571,1.806179973983887
483,medium,wiadomość,0.29,5.86,0.25,1.1072099696478683
484,zwycięzca,kandydat,0.57,4.0,0.7272727272727273,1.3290587192642247
485,urodziny,data,2.29,6.14,0.5,1.2041199826559248
486,opłata,płatność,8.71,9.43,0.25,1.1072099696478683
487,Biblia,hymn,0.0,1.14,0.2222222222222222,0.9610819339696304
488,wyjście,drzwi,6.14,7.57,0.2,0.9030899869919435
489,mężczyzna,wartownik,1.14,4.43,0.6666666666666666,1.2041199826559248
490,przejście,hol,3.43,7.0,0.2222222222222222,0.9610819339696304
491,whisky,gin,2.57,8.0,0.75,1.2041199826559248
492,krew,szpik,0.71,7.71,0.5714285714285714,1.3290587192642247
493,olej,norka,0.0,0.0,0.18181818181818182,0.8519374645445623
494,podłoga,pokład,2.71,5.43,0.18181818181818182,1.3290587192642247
495,dach,podłoga,0.43,6.29,0.18181818181818182,1.1072099696478683
496,drzwi,podłoga,0.43,5.14,0.18181818181818182,1.1072099696478683
497,bark,głowa,1.43,5.29,0.15384615384615385,0.7647872888256622
498,wóz,powóz,5.14,8.29,0.7058823529411765,1.1072099696478683
499,samochód,pojazd,6.43,8.43,0.8333333333333334,1.505149978319906
500,łokieć,kostka,1.0,6.43,0.5882352941176471,1.0280287236002434
501,bogactwo,sława,0.71,4.86,0.2,0.9030899869919435
502,żal,wstyd,1.86,4.86,0.8571428571428571,1.505149978319906
503,administracja,zarząd,5.57,8.0,0.4,1.0280287236002434
504,komunikacja,konwersacja,4.29,8.0,0.2857142857142857,1.1072099696478683
505,zanieczyszczenie,atmosfera,0.0,6.57,0.3333333333333333,1.2041199826559248
506,anatomia,biologia,2.43,6.86,N/A,N/A
507,uczelnia,zawód,0.0,5.14,0.16666666666666666,0.8519374645445623
508,książka,temat,0.0,5.71,0.5,1.1072099696478683
509,wzór,równanie,7.14,8.57,0.16666666666666666,0.9030899869919435
510,książka,informacja,0.29,5.29,0.25,1.2041199826559248
511,chłopak,partner,7.14,8.71,0.8,1.505149978319906
512,niebo,wszechświat,1.71,4.71,0.6666666666666666,1.505149978319906
513,populacja,ludzie,6.86,7.86,N/A,N/A
514,uczelnia,klasa,1.14,4.43,0.2222222222222222,0.9610819339696304
515,szef,major,1.71,4.14,0.6153846153846154,1.2041199826559248
516,rabin,pastor,2.71,7.0,0.8333333333333334,1.505149978319906
517,metr,cal,1.71,8.43,0.7142857142857143,1.3290587192642247
518,poliester,bawełna,1.0,6.86,0.5714285714285714,1.0280287236002434
519,prawnik,bankier,0.71,4.71,0.6666666666666666,1.1072099696478683
520,skrzypce,instrument,4.29,8.57,0.7692307692307693,1.3290587192642247
521,obóz,chatka,0.57,3.14,0.2857142857142857,1.1072099696478683
522,garnek,urządzenie,0.71,2.57,0.15384615384615385,0.9030899869919435
523,len,tkanina,3.57,6.29,0.14285714285714285,0.9610819339696304
524,whisky,szampan,1.29,7.43,0.625,1.0280287236002434
525,dziewczynka,dziecko,4.57,8.0,0.9230769230769231,1.806179973983887
526,chatka,domek,8.0,8.86,0.2222222222222222,1.0280287236002434
527,ptak,kura,3.57,8.43,0.9523809523809523,1.806179973983887
528,rakieta,hałas,0.0,6.43,0.2222222222222222,0.9610819339696304
529,zachód,wieczór,3.57,7.86,0.25,1.0280287236002434
530,mżawka,deszcz,6.57,9.14,0.8888888888888888,1.806179973983887
531,dorosły,niemowlę,1.14,6.86,0.6666666666666666,1.2041199826559248
532,grafit,węgiel,5.0,8.29,0.9333333333333333,1.806179973983887
533,ciało,kręgosłup,0.57,7.0,0.18181818181818182,0.9610819339696304
534,głowa,paznokieć,0.29,5.0,0.2857142857142857,1.1072099696478683
535,drewno,kloc,2.14,6.71,0.2,1.0280287236002434
536,łyżeczka,filiżanka,0.29,7.43,0.625,1.1072099696478683
537,ciało,nerw,0.43,6.86,0.2,0.9030899869919435
538,mężczyzna,mąż,4.71,8.43,0.9090909090909091,1.806179973983887
539,kość,kark,0.29,4.43,N/A,N/A
540,frustracja,złość,5.0,7.71,0.7058823529411765,1.1072099696478683
541,rzeka,morze,1.29,6.43,0.13333333333333333,1.2041199826559248
542,zadanie,praca,3.57,6.57,0.18181818181818182,0.9610819339696304
543,klub,stowarzyszenie,6.0,7.57,0.7272727272727273,1.3290587192642247
544,odzwierciedlenie,obraz,5.86,7.57,0.16666666666666666,0.8061799739838872
545,książę,król,4.0,8.71,0.8,1.3290587192642247
546,śnieg,pogoda,1.14,6.57,0.5714285714285714,1.3290587192642247
547,społeczeństwo,partia,0.0,5.14,0.7272727272727273,1.3290587192642247
548,chłopiec,brat,2.86,7.0,0.7272727272727273,1.3290587192642247
549,korzeń,trawa,0.14,6.71,0.16666666666666666,1.1072099696478683
550,brew,oko,0.29,6.71,N/A,N/A
551,pieniądz,perła,0.43,3.57,0.2,1.1072099696478683
552,pieniądz,diament,0.43,4.43,0.15384615384615385,0.9610819339696304
553,pojazd,autobus,5.29,8.29,0.7692307692307693,1.3290587192642247
554,taksówka,autobus,1.43,6.71,0.14285714285714285,0.8519374645445623
555,dom,stodoła,1.43,4.29,0.8,1.3290587192642247
556,palec,dłoń,1.14,7.86,0.25,1.1072099696478683
557,samochód,most,0.0,3.86,0.4,0.9030899869919435
558,wysiłek,trudność,2.86,6.86,0.6666666666666666,1.505149978319906
559,fakt,spostrzeżenie,3.57,6.0,0.25,1.0280287236002434
560,praca,zarządzanie,2.86,5.86,0.125,0.9030899869919435
561,rak,choroba,3.86,7.86,0.2222222222222222,1.3290587192642247
562,słowo,gazeta,0.71,5.57,0.35294117647058826,0.8519374645445623
563,kompozytor,pisarz,1.43,6.57,0.8235294117647058,1.3290587192642247
564,aktor,piosenkarz,1.57,6.29,0.7368421052631579,1.2041199826559248
565,schronienie,szałas,5.43,7.14,0.16666666666666666,0.9030899869919435
566,łazienka,kuchnia,0.71,7.14,0.75,1.505149978319906
567,chata,domek,6.57,8.43,0.8571428571428571,1.505149978319906
568,drzwi,kuchnia,0.29,6.0,0.2222222222222222,1.0280287236002434
569,wartość,wiara,0.86,4.43,0.4444444444444444,1.1072099696478683
570,mądrość,inteligencja,5.0,8.14,0.5,1.3290587192642247
571,ignorancja,inteligencja,0.57,4.29,0.4444444444444444,1.2041199826559248
572,szczęście,traf,6.0,7.43,0.2857142857142857,1.1072099696478683
573,pomysł,plan,4.43,6.71,0.6666666666666666,1.3290587192642247
574,nastrój,emocja,4.0,7.86,0.8333333333333334,1.505149978319906
575,szczęście,spokój,2.14,6.14,0.2,1.1072099696478683
576,rozpacz,niedola,3.43,6.71,0.18181818181818182,1.0280287236002434
577,logika,arytmetyka,2.0,6.29,0.25,1.0280287236002434
578,zaprzeczenie,spowiedź,0.43,1.71,0.25,1.0280287236002434
579,spór,krytyka,1.57,3.86,0.25,1.0280287236002434
580,agresja,wrogość,4.71,7.86,0.15384615384615385,1.0280287236002434
581,histeria,zamieszanie,3.0,4.86,0.18181818181818182,0.8519374645445623
582,chemia,teoria,0.71,5.0,0.13333333333333333,0.8061799739838872
583,rozprawa,werdykt,0.29,7.43,0.5714285714285714,1.0280287236002434
584,komfort,bezpieczeństwo,3.0,6.86,0.5,1.2041199826559248
585,pewność,ego,2.14,4.71,N/A,N/A
586,wzrok,percepcja,3.0,6.71,0.2857142857142857,1.1072099696478683
587,era,dekada,2.86,6.71,0.18181818181818182,0.9030899869919435
588,biografia,fikcja,0.86,6.29,0.25,1.0280287236002434
589,dyskusja,spór,5.29,7.14,0.25,1.0280287236002434
590,kod,symbol,3.43,5.71,0.16666666666666666,1.3290587192642247
591,niebezpieczeństwo,choroba,0.43,4.71,0.2857142857142857,1.2041199826559248
592,wypadek,katastrofa,6.86,8.14,0.6666666666666666,1.505149978319906
593,podróż,wycieczka,6.57,8.71,0.8571428571428571,1.505149978319906
594,aktywność,ruch,7.71,8.71,0.25,1.2041199826559248
595,plotka,wiadomość,3.71,6.29,0.7692307692307693,1.3290587192642247
596,ojciec,bóg,2.71,5.0,0.5,1.1072099696478683
597,akcja,przebieg,3.14,5.86,0.9090909090909091,1.806179973983887
598,gorączka,choroba,1.29,7.71,0.2222222222222222,1.3290587192642247
599,lotnictwo,lot,0.0,8.71,0.16666666666666666,0.8519374645445623
600,gra,akcja,1.43,5.86,0.15384615384615385,0.9610819339696304
601,cząsteczka,powietrze,0.29,5.29,0.4444444444444444,1.1072099696478683
602,dom,państwo,1.29,1.71,0.15384615384615385,1.0280287236002434
603,słowo,literatura,1.57,6.86,0.26666666666666666,1.0280287236002434
604,dorosły,opiekun,3.0,4.29,0.8,1.505149978319906
605,gazeta,informacja,1.57,8.0,0.16666666666666666,0.9030899869919435
606,komunikacja,telewizja,0.86,6.43,0.2222222222222222,0.9610819339696304
607,kuzyn,wuj,2.43,7.71,0.8333333333333334,1.505149978319906
608,autor,czytelnik,0.57,7.71,0.6666666666666666,1.2041199826559248
609,facet,partner,5.29,7.57,0.8,1.505149978319906
610,obszar,zakątek,4.0,5.43,0.2857142857142857,1.2041199826559248
611,ballada,piosenka,5.57,8.14,0.7142857142857143,1.2041199826559248
612,ściana,dekoracja,0.0,5.43,0.16666666666666666,1.505149978319906
613,słowo,strona,0.29,4.14,0.2,1.1072099696478683
614,pielęgniarka,naukowiec,1.0,2.57,0.25,1.0280287236002434
615,polityk,prezydent,4.71,8.43,0.875,1.505149978319906
616,prezydent,burmistrz,4.14,7.43,0.875,1.505149978319906
617,książka,esej,3.0,5.71,0.8333333333333334,1.505149978319906
618,mężczyzna,wojownik,2.57,6.71,0.8,1.505149978319906
619,artykuł,czasopismo,0.43,7.29,0.5,1.0280287236002434
620,śniadanie,kolacja,0.86,8.57,0.8571428571428571,1.505149978319906
621,tłum,parada,1.86,5.43,0.2222222222222222,0.9610819339696304
622,przejście,korytarz,5.0,7.29,0.25,1.0280287236002434
623,nauczyciel,rabin,2.14,5.57,0.6666666666666666,1.2041199826559248
624,biodro,usta,0.57,4.0,N/A,N/A
625,książka,artykuł,1.43,5.0,0.8333333333333334,1.505149978319906
626,pokój,cela,3.0,4.43,0.75,1.505149978319906
627,kabina,budka,5.57,6.71,0.18181818181818182,1.2041199826559248
628,córka,dzieciak,3.86,6.0,0.25,1.1072099696478683
629,kończyna,noga,6.14,9.14,0.18181818181818182,0.9030899869919435
630,wątroba,płuco,1.14,7.14,N/A,N/A
631,klasa,korytarz,0.43,5.0,0.25,1.0280287236002434
632,góra,grań,2.43,7.43,0.2857142857142857,1.1072099696478683
633,klatka,winda,1.0,5.29,0.875,1.505149978319906
634,łóżko,kanapa,3.0,8.0,0.9411764705882353,1.806179973983887
635,ubranie,guzik,0.14,6.0,0.16666666666666666,0.9610819339696304
636,ubranie,płaszcz,3.0,7.43,0.2222222222222222,0.9610819339696304
637,nerka,organ,4.14,8.57,0.2,0.9610819339696304
638,jabłko,sos,0.0,2.86,0.42857142857142855,1.1072099696478683
639,kurczak,stek,1.0,5.29,0.125,1.0280287236002434
640,samochód,szlauch,0.0,1.57,0.18181818181818182,0.9030899869919435
641,tytoń,papieros,1.43,8.71,0.15384615384615385,0.9610819339696304
642,student,profesor,1.0,8.57,0.5714285714285714,1.0280287236002434
643,niemowlę,córka,2.57,6.29,0.6153846153846154,1.1072099696478683
644,fajka,cygaro,1.71,8.14,0.8571428571428571,1.505149978319906
645,mleko,sok,1.43,7.0,0.2222222222222222,1.1072099696478683
646,pudełko,cygaro,0.0,5.43,0.2,1.0280287236002434
647,apartament,hotel,2.0,6.71,0.36363636363636365,1.1072099696478683
648,filiżanka,rożek,0.0,0.86,0.5,0.9030899869919435
649,koń,wół,1.57,7.57,0.7058823529411765,1.3290587192642247
650,gardło,nos,0.57,7.29,0.18181818181818182,1.1072099696478683
651,kość,ząb,2.0,5.43,0.2857142857142857,1.2041199826559248
652,kość,łokieć,0.57,6.43,0.2857142857142857,1.1072099696478683
653,bekon,fasola,0.57,4.43,0.125,0.8519374645445623
654,kubek,słoik,2.43,5.0,0.875,1.505149978319906
655,dowód,fakt,4.29,7.29,0.3333333333333333,1.2041199826559248
656,spotkanie,zobowiązanie,0.71,2.71,0.2,1.0280287236002434
657,urodziny,rok,0.86,5.14,0.5,1.2041199826559248
658,słowo,wskazówka,0.57,4.43,0.18181818181818182,1.0280287236002434
659,autor,twórca,8.29,9.43,1.0,2.0
660,atom,węgiel,1.86,7.29,0.18181818181818182,0.9030899869919435
661,arcybiskup,biskup,4.86,9.0,0.875,1.505149978319906
662,litera,akapit,1.29,5.57,0.15384615384615385,0.8519374645445623
663,strona,akapit,1.71,6.43,0.2,1.0280287236002434
664,wieża,kaplica,1.14,4.14,0.8,1.3290587192642247
665,mięsień,kość,0.29,5.71,0.3333333333333333,1.3290587192642247
666,mięsień,język,2.71,7.29,0.2857142857142857,1.1072099696478683
667,chłopiec,żołnierz,1.29,4.57,0.8,1.505149978319906
668,brzuch,podbrzusze,5.14,8.29,0.4,1.3290587192642247
669,chłopak,dziewczyna,1.71,8.29,0.8,1.505149978319906
670,łóżko,krzesło,1.43,6.86,0.875,1.505149978319906
671,ubranie,kurtka,3.29,8.14,0.2222222222222222,0.9610819339696304
672,pistolet,nóż,0.86,5.57,0.6,1.3290587192642247
673,puszka,metal,0.43,7.57,0.13333333333333333,0.8519374645445623
674,butelka,pojemnik,3.0,6.71,0.6666666666666666,1.1072099696478683
675,kura,indyk,2.14,7.71,0.10526315789473684,0.8061799739838872
676,mięso,chleb,0.43,5.86,0.7692307692307693,1.3290587192642247
677,ramię,kość,0.57,5.86,0.6666666666666666,1.3290587192642247
678,szyja,kręgosłup,2.71,7.43,0.18181818181818182,0.8519374645445623
679,jabłko,cytryna,1.71,7.43,0.375,0.9030899869919435
680,udręka,żal,2.71,5.86,0.2,1.2041199826559248
681,przydział,zadanie,3.43,6.14,0.18181818181818182,0.9030899869919435
682,noc,świt,0.43,7.57,0.6666666666666666,1.505149978319906
683,obiad,zupa,2.29,7.43,0.7142857142857143,1.2041199826559248
684,cielak,byk,4.71,7.86,0.6666666666666666,1.505149978319906
685,śnieg,burza,0.29,5.29,0.5714285714285714,1.3290587192642247
686,paznokieć,dłoń,1.14,6.86,0.5,1.505149978319906
687,pies,koń,0.86,7.57,0.5,1.2041199826559248
688,ramię,szyja,0.29,6.86,0.6,1.2041199826559248
689,piłka,rękawica,0.14,4.86,0.3333333333333333,1.2041199826559248
690,grypa,gorączka,0.29,8.29,0.16666666666666666,1.0280287236002434
691,opłata,pensja,2.14,4.86,0.6,1.2041199826559248
692,nerw,mózg,0.86,8.14,0.2222222222222222,0.9610819339696304
693,bestia,zwierzę,4.14,5.43,0.8,1.505149978319906
694,obiad,kurczak,0.57,5.86,0.13333333333333333,1.0280287236002434
695,dziewczyna,pokojówka,2.71,5.0,0.7272727272727273,1.3290587192642247
696,dziecko,chłopiec,5.14,8.71,0.9230769230769231,1.806179973983887
697,alkohol,wino,4.0,9.14,0.9090909090909091,1.806179973983887
698,nos,usta,1.14,6.29,0.6666666666666666,1.3290587192642247
699,ulica,samochód,0.0,7.29,0.4,0.9030899869919435
700,dzwonek,drzwi,0.0,6.71,0.2857142857142857,1.1072099696478683
701,pudełko,kapelusz,0.0,3.43,0.2222222222222222,1.2041199826559248
702,wiara,wrażenie,0.86,2.57,0.25,1.1072099696478683
703,uprzedzenie,opinia,2.43,6.57,0.2222222222222222,0.9610819339696304
704,uwaga,świadomość,3.43,6.0,0.18181818181818182,0.9610819339696304
705,złość,nastrój,2.86,6.57,0.6666666666666666,1.1072099696478683
706,elegancja,styl,5.86,8.14,0.25,1.2041199826559248
707,piękno,wiek,0.14,2.57,0.3333333333333333,1.2041199826559248
708,książka,motyw,0.0,3.0,0.46153846153846156,1.0280287236002434
709,przyjaciółka,matka,1.43,5.0,N/A,N/A
710,witamina,żelazo,1.29,5.0,0.5714285714285714,1.2041199826559248
711,samochód,fabryka,0.0,6.71,0.125,1.0280287236002434
712,pakt,warunek,2.57,6.14,0.2,0.9030899869919435
713,rozdział,wybór,0.0,0.57,0.2,0.9610819339696304
714,arytmetyka,rytm,0.0,0.14,0.2857142857142857,1.1072099696478683
715,zwycięzca,obecność,0.0,0.0,0.16666666666666666,0.9610819339696304
716,wiara,kwiat,0.0,0.43,0.16666666666666666,0.9030899869919435
717,zwycięzca,cel,0.0,5.14,0.2222222222222222,0.9610819339696304
718,sztuczka,rozmiar,0.0,0.0,0.4444444444444444,1.1072099696478683
719,wybór,styl,0.0,1.43,0.2222222222222222,1.0280287236002434
720,hymn,podbój,0.0,1.29,0.13333333333333333,0.7647872888256622
721,wytrzymałość,zespół,0.0,0.0,0.2857142857142857,1.2041199826559248
722,więzienie,wybór,0.0,1.29,0.18181818181818182,0.8519374645445623
723,warunek,chłopiec,0.0,0.0,0.2,1.0280287236002434
724,kwiat,wytrzymałość,0.0,0.86,0.2,1.0280287236002434
725,luka,porozumienie,0.0,0.57,0.2222222222222222,1.0280287236002434
726,doktor,usposobienie,0.0,0.29,0.2,0.9610819339696304
727,bractwo,drzwi,0.0,0.0,0.16666666666666666,0.9030899869919435
728,zadanie,kobieta,0.0,1.29,0.2222222222222222,1.0280287236002434
729,bractwo,baseball,0.0,0.43,0.18181818181818182,0.9610819339696304
730,cent,rozmiar,0.0,0.43,0.2,1.1072099696478683
731,obecność,drzwi,0.0,0.14,0.18181818181818182,1.0280287236002434
732,mysz,zarząd,0.0,0.0,0.15384615384615385,0.8061799739838872
733,zadanie,autostrada,0.0,0.0,0.16666666666666666,0.8519374645445623
734,trunek,wiek,0.0,1.86,0.25,1.0280287236002434
735,zadanie,słoma,0.0,0.0,0.2,0.9030899869919435
736,wyspa,zadanie,0.0,0.0,0.2222222222222222,0.9610819339696304
737,noc,rozdział,0.0,0.0,0.25,1.0280287236002434
738,zanieczyszczenie,prezydent,0.0,0.14,0.18181818181818182,0.9030899869919435
739,pistolet,sztuczka,0.0,0.71,0.18181818181818182,0.9030899869919435
740,kąpiel,sztuczka,0.0,0.14,0.4444444444444444,1.1072099696478683
741,dieta,jabłko,0.57,3.86,0.16666666666666666,0.8519374645445623
742,cent,żona,0.0,0.0,0.14285714285714285,0.8519374645445623
743,rozdział,opowieść,1.86,5.43,0.15384615384615385,0.9030899869919435
744,danie,żołądek,0.14,4.86,0.2857142857142857,1.1072099696478683
745,hymn,słoma,0.0,0.0,0.15384615384615385,0.9030899869919435
746,dentysta,pułkownik,0.14,1.86,0.5,0.9610819339696304
747,żona,słoma,0.0,0.0,0.15384615384615385,0.8519374645445623
748,dziura,żona,0.0,0.0,0.16666666666666666,0.8519374645445623
749,uczeń,prezydent,0.14,0.29,0.6153846153846154,1.1072099696478683
750,kąpiel,żona,0.0,0.43,0.18181818181818182,0.9030899869919435
751,ludzie,cent,0.0,1.29,N/A,N/A
752,wzór,logarytm,1.86,5.29,0.14285714285714285,0.8519374645445623
753,kobieta,futro,0.0,2.71,0.2,0.9610819339696304
754,jabłko,słońce,0.0,2.0,0.18181818181818182,0.8519374645445623
755,pistolet,świt,0.0,0.86,0.2222222222222222,0.9610819339696304
756,posiłek,talia,0.0,1.57,0.18181818181818182,1.2041199826559248
757,aparat,prezydent,0.0,0.29,0.13333333333333333,0.8061799739838872
758,trunek,grupa,0.0,0.0,N/A,N/A
759,żołądek,żyła,0.29,2.0,0.6,1.2041199826559248
760,pistolet,futro,0.0,0.0,0.18181818181818182,1.0280287236002434
761,trener,baseball,0.14,5.86,0.2222222222222222,0.9610819339696304
762,robotnik,kamera,0.0,0.29,0.2,0.9030899869919435
763,pokład,mysz,0.0,1.43,0.16666666666666666,0.8519374645445623
764,ryż,chłopiec,0.0,0.14,0.15384615384615385,0.9610819339696304
765,ludzie,pistolet,0.0,1.0,N/A,N/A
766,klif,ogon,0.0,0.0,0.16666666666666666,0.9030899869919435
767,kostka,okno,0.0,0.0,0.15384615384615385,0.9030899869919435
768,księżniczka,wyspa,0.0,0.0,0.2222222222222222,0.9610819339696304
769,pojemnik,mysz,0.0,0.14,0.14285714285714285,0.9030899869919435
770,wóz,kontener,0.57,2.29,0.18181818181818182,1.0280287236002434
771,ludzie,balon,0.0,1.0,N/A,N/A
772,dolar,ludzie,0.0,1.29,N/A,N/A
773,kąpiel,balon,0.0,0.0,0.16666666666666666,0.8519374645445623
774,żołądek,sypialnia,0.0,0.0,0.2222222222222222,0.9610819339696304
775,rower,sypialnia,0.0,0.14,0.15384615384615385,0.8519374645445623
776,kloc,kąpiel,0.0,0.0,0.25,1.0280287236002434
777,miska,ogon,0.0,0.57,0.15384615384615385,0.9030899869919435
778,iść,przyjść,5.29,8.57,0.15384615384615385,1.1072099696478683
779,wziąć,ukraść,3.43,6.86,0.625,1.0280287236002434
780,słuchać,słyszeć,6.43,9.0,0.2857142857142857,1.1072099696478683
781,myśleć,racjonalizować,4.0,7.57,0.25,1.1072099696478683
782,wystąpić,nastąpić,3.57,6.14,0.2222222222222222,1.2041199826559248
783,zanikać,znikać,7.14,8.71,0.16666666666666666,0.8519374645445623
784,mnożyć,dzielić,1.29,7.0,0.5454545454545454,1.1072099696478683
785,nalegać,błagać,5.43,7.29,0.14285714285714285,1.2041199826559248
786,zacząć,zapoczątkować,8.14,9.0,0.6666666666666666,1.505149978319906
787,chronić,bronić,7.0,8.57,0.2222222222222222,1.1072099696478683
788,zabić,zniszczyć,4.0,6.71,0.6666666666666666,1.3290587192642247
789,stworzyć,zrobić,7.43,8.43,0.9090909090909091,1.806179973983887
790,akceptować,odrzucić,1.0,7.0,0.2,0.9610819339696304
791,ignorować,unikać,4.86,5.71,0.2222222222222222,1.0280287236002434
792,nieść,przynieść,5.71,7.86,0.16666666666666666,0.8061799739838872
793,wyjść,wejść,1.0,6.86,0.14285714285714285,1.1072099696478683
794,decydować,wybrać,5.43,7.71,0.2857142857142857,1.1072099696478683
795,przegrać,zawieść,3.0,6.0,0.36363636363636365,0.9610819339696304
796,zachęcić,zniechęcić,0.57,7.0,0.5,1.1072099696478683
797,osiągnąć,spełnić,3.86,6.86,0.7692307692307693,1.3290587192642247
798,stworzyć,skonstruować,7.43,8.43,0.2,1.3290587192642247
799,słuchać,przestrzegać,2.57,4.57,0.18181818181818182,1.0280287236002434
800,poinformować,zawiadomić,9.0,9.57,0.9090909090909091,1.806179973983887
801,otrzymywać,dać,1.0,6.57,0.2,1.0280287236002434
802,pożyczyć,błagać,0.86,2.86,0.15384615384615385,0.9610819339696304
803,wziąć,otrzymać,2.43,5.86,0.18181818181818182,1.1072099696478683
804,poradzić,polecić,5.57,7.57,0.16666666666666666,0.9030899869919435
805,imitować,portretować,1.57,4.57,0.7272727272727273,1.3290587192642247
806,zwyciężyć,osiągnąć,3.57,6.14,0.7692307692307693,1.3290587192642247
807,myśleć,decydować,1.86,5.29,0.5,1.505149978319906
808,przywitać,spotkać,1.0,4.86,0.18181818181818182,0.9030899869919435
809,uzgadniać,dyskutować,3.29,6.14,0.6666666666666666,1.2041199826559248
810,lubić,bawić,0.0,3.57,0.25,1.0280287236002434
811,niszczyć,robić,0.71,4.86,0.25,1.3290587192642247
812,ratować,chronić,5.29,7.57,0.2,1.0280287236002434
813,dawać,pożyczać,3.0,6.0,0.2857142857142857,1.1072099696478683
814,pojmować,rozumieć,6.86,8.86,0.6666666666666666,1.505149978319906
815,brać,otrzymywać,3.29,6.29,0.2857142857142857,1.1072099696478683
816,akceptować,uznawać,7.14,8.57,0.5454545454545454,1.1072099696478683
817,decydować,wybierać,5.14,7.14,0.6666666666666666,1.505149978319906
818,akceptować,wierzyć,0.14,2.71,0.8333333333333334,1.505149978319906
819,trzymać,posiadać,4.86,6.71,0.25,1.0280287236002434
820,wędrować,błądzić,3.57,6.0,0.6666666666666666,1.505149978319906
821,wygrywać,przegrywać,1.0,6.71,0.2222222222222222,0.9610819339696304
822,wydawać,oszczędzać,1.0,6.71,0.18181818181818182,1.1072099696478683
823,wyjść,pójść,2.57,6.0,1.0,2.0
824,przyjść,uczestniczyć,1.71,4.43,0.13333333333333333,1.0280287236002434
825,wiedzieć,wierzyć,1.71,6.0,0.25,1.0280287236002434
826,gromadzić,spotykać,2.57,3.0,0.2,0.9610819339696304
827,robić,zarobić,0.71,3.57,0.16666666666666666,1.1072099696478683
828,zapominać,ignorować,0.71,2.43,0.2,1.0280287236002434
829,mnożyć,dodawać,0.86,6.71,0.6666666666666666,1.3290587192642247
830,maleć,rosnąć,0.86,6.71,0.5714285714285714,1.3290587192642247
831,przyjeżdżać,wyjeżdżać,1.0,6.71,0.2,1.0280287236002434
832,osiągnąć,próbować,0.71,5.57,0.18181818181818182,1.0280287236002434
833,akceptować,zaprzeczać,0.86,5.14,0.2222222222222222,0.9610819339696304
834,przybywać,przyjeżdżać,7.86,8.86,0.8,1.505149978319906
835,uzgadniać,różnić,0.71,5.71,0.2,1.0280287236002434
836,wysyłać,otrzymywać,0.71,5.29,0.4444444444444444,1.1072099696478683
837,zwyciężać,dominować,3.14,6.14,0.2857142857142857,1.1072099696478683
838,dodawać,dzielić,0.71,6.29,0.6,1.2041199826559248
839,zabić,udusić,5.14,7.71,0.625,1.0280287236002434
840,nabyć,dostać,2.71,6.14,0.9411764705882353,1.806179973983887
841,uczestniczyć,dołączyć,2.14,5.0,0.2,1.2041199826559248
842,odejść,pozostać,0.86,6.57,0.4,1.0280287236002434
843,iść,wejść,2.14,5.86,0.18181818181818182,0.9610819339696304
844,wziąć,nieść,0.86,4.71,0.16666666666666666,0.8519374645445623
845,zapomnieć,poznawać,0.57,5.0,0.2222222222222222,1.0280287236002434
846,mianować,wybrać,4.14,6.57,0.2222222222222222,1.0280287236002434
847,zaręczyć,poślubić,3.43,7.57,0.5454545454545454,1.1072099696478683
848,prosić,nalegać,6.86,8.43,0.15384615384615385,1.3290587192642247
849,iść,posyłać,0.43,3.71,0.2222222222222222,0.9610819339696304
850,wziąć,dostarczać,0.57,4.43,0.18181818181818182,1.1072099696478683
851,mówić,słyszeć,0.29,6.86,0.2222222222222222,0.9610819339696304
852,analizować,oceniać,3.14,5.14,0.25,1.0280287236002434
853,argumentować,racjonalizować,4.0,5.0,0.46153846153846156,0.9610819339696304
854,stracić,zatrzymać,0.71,5.29,0.5714285714285714,1.3290587192642247
855,porównywać,analizować,5.86,7.86,0.25,1.2041199826559248
856,dezorganizować,organizować,0.86,6.86,0.16666666666666666,0.8519374645445623
857,iść,pozwalać,0.29,1.43,0.2222222222222222,1.0280287236002434
858,wziąć,posiąść,5.14,6.43,0.6666666666666666,1.1072099696478683
859,poznawać,słuchać,1.14,3.71,0.3333333333333333,1.2041199826559248
860,burzyć,budować,0.71,6.43,0.2857142857142857,1.1072099696478683
861,tworzyć,budować,5.86,8.14,0.25,1.2041199826559248
862,kraść,kupować,0.57,5.86,0.25,1.0280287236002434
863,zabić,powiesić,4.86,6.86,0.5,1.1072099696478683
864,zapomnieć,wiedzieć,0.57,5.57,0.2222222222222222,1.0280287236002434
865,tworzyć,wymyślać,5.86,7.71,0.2857142857142857,1.505149978319906
866,zrobić,nastąpić,1.57,1.86,0.2857142857142857,1.505149978319906
867,wygrać,osiągnąć,4.29,6.29,0.7692307692307693,1.3290587192642247
868,dawać,odmawiać,0.57,5.43,0.2222222222222222,1.0280287236002434
869,zasłużyć,zarobić,2.57,4.29,0.75,1.2041199826559248
870,dostawać,wkładać,0.14,1.71,0.2,1.0280287236002434
871,zlokalizować,znaleźć,8.14,9.29,0.6666666666666666,1.1072099696478683
872,zawitać,przyjść,6.14,7.57,0.9,1.505149978319906
873,wiedzieć,rozumieć,5.57,7.14,0.4,1.3290587192642247
874,udawać,wyobrażać,1.71,4.14,0.2857142857142857,1.2041199826559248
875,satysfakcjonować,zadowalać,8.86,9.57,1.0,2.0
876,hołubić,trzymać,2.43,4.43,0.18181818181818182,1.0280287236002434
877,dyskutować,różnić,1.57,4.86,0.2,1.0280287236002434
878,przezwyciężyć,zdominować,1.86,4.0,0.13333333333333333,1.0280287236002434
879,postępować,przestrzegać,1.0,4.0,0.16666666666666666,0.9030899869919435
880,współpracować,uczestniczyć,2.0,5.0,0.7272727272727273,1.3290587192642247
881,osiągać,próbować,1.29,4.43,0.2222222222222222,1.0280287236002434
882,przegrać,zniechęcić,1.0,4.57,0.36363636363636365,0.9610819339696304
883,zacząć,porzucić,0.43,5.71,0.25,1.1072099696478683
884,mówić,uczestniczyć,0.86,3.43,0.18181818181818182,1.0280287236002434
885,przyjść,przynieść,0.71,3.57,0.11764705882352941,0.9610819339696304
886,deklarować,ogłaszać,6.71,8.0,0.5714285714285714,1.2041199826559248
887,czytać,rozumieć,0.29,4.29,0.3333333333333333,1.2041199826559248
888,wziąć,opuścić,0.29,3.57,0.16666666666666666,1.1072099696478683
889,obwieszczać,ogłaszać,9.29,9.71,1.0,2.0
890,zdobyć,otrzymać,3.29,5.71,0.18181818181818182,1.3290587192642247
891,wywnioskować,decydować,1.86,4.43,0.2857142857142857,1.2041199826559248
892,prosić,błagać,7.57,8.57,0.9230769230769231,1.806179973983887
893,argumentować,udowadniać,7.29,8.29,0.9333333333333333,1.806179973983887
894,prosić,apelować,7.0,8.29,0.3333333333333333,1.1072099696478683
895,znaleźć,zniknąć,0.29,5.0,0.18181818181818182,1.0280287236002434
896,sprawdzać,badać,5.29,7.43,0.9090909090909091,1.806179973983887
897,weryfikować,uzasadniać,2.71,6.0,0.875,1.505149978319906
898,zakładać,przewidywać,6.14,7.29,0.2857142857142857,1.1072099696478683
899,poznawać,oceniać,1.29,4.43,0.3333333333333333,1.2041199826559248
900,argumentować,uzasadniać,8.86,9.57,1.0,2.0
901,zrobić,zostać,0.29,0.29,0.2857142857142857,1.505149978319906
902,odkrywać,pochodzić,0.0,0.57,N/A,N/A
903,zwyciężyć,dokonać,3.14,6.43,0.8333333333333334,1.505149978319906
904,dać,położyć,0.71,3.43,0.15384615384615385,1.2041199826559248
905,rozumieć,słuchać,0.57,4.43,0.75,1.505149978319906
906,rozwijać,rosnąć,3.14,5.14,0.16666666666666666,0.8061799739838872
907,pożyczać,sprzedawać,1.43,4.29,0.3333333333333333,1.2041199826559248
908,trzymać,chronić,1.71,3.71,0.2222222222222222,1.1072099696478683
909,wyjaśniać,udowadniać,5.43,6.86,0.8571428571428571,1.505149978319906
910,założyć,udawać,0.0,2.57,0.18181818181818182,0.9610819339696304
911,zgadzać,zadowalać,0.0,0.86,0.14285714285714285,0.9030899869919435
912,wybaczyć,zapomnieć,3.14,4.57,0.8571428571428571,1.505149978319906
913,wyjaśniać,tłumaczyć,9.29,9.71,1.0,2.0
914,zrozumieć,wybaczyć,1.14,4.29,0.7142857142857143,1.2041199826559248
915,przypomnieć,zapomnieć,1.0,7.0,0.15384615384615385,0.9610819339696304
916,dostać,pozostać,0.0,0.86,0.15384615384615385,0.9030899869919435
917,zrozumieć,odkryć,1.71,3.86,0.2,1.0280287236002434
918,wymagać,dociekać,0.0,1.71,0.25,1.0280287236002434
919,ignorować,pytać,0.14,2.0,0.18181818181818182,1.0280287236002434
920,myśleć,pytać,0.57,3.86,0.25,1.1072099696478683
921,odrzucać,unikać,1.29,4.57,0.2,0.9610819339696304
922,argumentować,przekonywać,7.29,8.57,0.15384615384615385,0.9610819339696304
923,dążyć,przekonywać,2.0,3.86,0.2222222222222222,1.0280287236002434
924,akceptować,wybaczać,1.86,4.71,0.2222222222222222,0.9610819339696304
925,robić,rezygnować,0.0,0.86,0.2857142857142857,1.505149978319906
926,przebadać,zbadać,7.43,8.0,0.9333333333333333,1.806179973983887
927,dyskutować,wyjaśniać,1.71,5.0,0.5,1.0280287236002434
928,zawdzięczać,pożyczać,1.14,2.86,N/A,N/A
929,poszukiwać,odkrywać,2.43,6.71,0.2,0.9030899869919435
930,narzekać,kwestionować,1.57,4.0,0.2222222222222222,1.1072099696478683
931,wycofywać,odrzucać,1.43,3.43,0.16666666666666666,1.0280287236002434
932,trzymać,pożyczać,0.0,1.86,0.2857142857142857,1.1072099696478683
933,upraszać,błagać,7.43,9.57,0.26666666666666666,0.9030899869919435
934,aranżować,organizować,5.14,6.43,0.6666666666666666,1.2041199826559248
935,zmniejszyć,kurczyć,7.43,8.57,0.15384615384615385,1.1072099696478683
936,mówić,przyznawać,2.71,4.29,0.7142857142857143,1.2041199826559248
937,dać,pożyczyć,3.71,6.29,0.8333333333333334,1.505149978319906
938,zabijać,bronić,0.0,4.57,0.6153846153846154,1.2041199826559248
939,znikać,maleć,4.71,6.0,0.2222222222222222,0.9610819339696304
940,dostarczyć,przynieść,7.14,8.14,0.5454545454545454,1.1072099696478683
941,oddychać,dławić,0.43,5.43,0.25,1.1072099696478683
942,uznawać,powiadamiać,0.0,1.14,0.18181818181818182,1.0280287236002434
943,zostawać,wyglądać,0.0,0.29,0.3333333333333333,1.2041199826559248
944,udawać,wyglądać,0.43,2.0,0.2222222222222222,1.0280287236002434
945,osiągać,zostawać,2.29,2.0,0.2857142857142857,1.2041199826559248
946,kontemplować,myśleć,6.71,7.86,0.8,1.806179973983887
947,określić,przewidzieć,2.57,5.0,0.25,1.1072099696478683
948,dogadzać,zabawiać,3.29,4.57,0.16666666666666666,0.8061799739838872
949,pozostawać,utrzymywać,1.71,3.14,0.25,1.3290587192642247
950,udawać,grać,5.14,5.0,0.6,1.2041199826559248
951,zapominać,utrzymywać,0.0,0.29,0.5454545454545454,1.1072099696478683
952,chcieć,wybierać,1.14,3.86,0.25,1.2041199826559248
953,stracić,dostać,0.86,6.0,0.16666666666666666,0.9610819339696304
954,próbować,myśleć,0.0,3.71,0.3333333333333333,1.505149978319906
955,zostawać,pojawiać,0.0,1.86,0.3333333333333333,1.3290587192642247
956,opuścić,zignorować,3.14,3.57,0.2,1.1072099696478683
957,akceptować,rekomendować,1.57,3.0,0.16666666666666666,0.8519374645445623
958,opuścić,wędrować,0.57,2.43,0.25,1.1072099696478683
959,zachować,oddać,0.86,4.71,0.7692307692307693,1.3290587192642247
960,dawać,pozwalać,1.86,3.57,0.18181818181818182,1.3290587192642247
961,przynosić,wysyłać,0.86,4.14,0.4444444444444444,1.1072099696478683
962,chłonąć,poznawać,5.71,6.43,0.3333333333333333,1.2041199826559248
963,zdobyć,znaleźć,2.29,4.29,0.9333333333333333,1.806179973983887
964,opuścić,wyglądać,0.0,0.0,0.2222222222222222,0.9610819339696304
965,tworzyć,niszczyć,0.71,6.71,0.2222222222222222,1.2041199826559248
966,zaczynać,iść,0.0,0.29,0.4,1.3290587192642247
967,dostać,kupić,2.86,4.43,0.9411764705882353,1.806179973983887
968,zbierać,odkładać,5.86,7.29,0.5454545454545454,1.1072099696478683
969,zastępować,przywrócić,0.43,2.43,0.25,1.1072099696478683
970,dołączać,dodawać,6.57,7.86,0.9230769230769231,1.806179973983887
971,połączyć,poślubić,3.71,6.0,0.75,1.505149978319906
972,przyjmować,dostarczać,0.43,4.14,0.25,1.2041199826559248
973,przyłączać,dołączać,8.43,9.29,0.2,1.0280287236002434
974,położyć,powiesić,0.71,4.43,0.8571428571428571,1.505149978319906
975,iść,sprzedawać,0.0,0.14,0.2857142857142857,1.1072099696478683
976,komunikować,modlić,0.29,1.0,0.36363636363636365,0.9610819339696304
977,dawać,kraść,0.57,2.71,0.2222222222222222,1.1072099696478683
978,dodawać,budować,0.43,2.14,0.2222222222222222,1.3290587192642247
979,przynieść,odtworzyć,0.0,0.71,0.46153846153846156,0.9610819339696304
980,zrozumieć,zaspokoić,0.0,1.57,0.18181818181818182,1.0280287236002434
981,przedstawiać,decydować,0.0,0.29,0.2857142857142857,1.2041199826559248
982,organizować,zostawać,0.0,0.0,0.2222222222222222,0.9610819339696304
983,dawać,wiedzieć,0.0,0.0,0.2857142857142857,1.1072099696478683
984,mówić,weryfikować,0.0,0.86,0.5882352941176471,1.1072099696478683
985,współpracować,dołączyć,0.0,2.57,0.18181818181818182,1.0280287236002434
986,organizować,wymagać,0.43,2.14,0.18181818181818182,0.8519374645445623
987,pożyczyć,chcieć,0.0,1.43,0.2,0.9610819339696304
988,badać,dążyć,0.57,3.0,0.2222222222222222,1.0280287236002434
989,ignorować,odkrywać,0.0,2.57,0.18181818181818182,0.9610819339696304
990,wnosić,narzekać,0.0,0.29,0.8,1.3290587192642247
991,wchodzić,zawdzięczać,0.0,0.0,N/A,N/A
992,przedstawiać,zawiadamiać,2.71,4.86,0.7692307692307693,1.3290587192642247
993,przypominać,sprzedawać,0.0,0.0,0.3333333333333333,1.2041199826559248
994,wchłaniać,posiadać,0.0,2.0,0.2222222222222222,0.9610819339696304
995,dołączyć,zdobyć,0.43,2.29,0.16666666666666666,1.1072099696478683
996,wysyłać,uczestniczyć,0.0,0.86,0.2,1.2041199826559248
997,zbierać,uczestniczyć,0.0,0.71,0.2,1.3290587192642247
998,pochłonąć,wycofać,0.0,0.57,0.11764705882352941,0.9610819339696304
999,uczestniczyć,przybyć,0.57,3.43,0.2,0.9610819339696304
